"Label (Grouping)","Androscoggin County, Maine!!Total!!Estimate","Androscoggin County, Maine!!Total!!Margin of Error","Androscoggin County, Maine!!60 years and over!!Estimate","Androscoggin County, Maine!!60 years and over!!Margin of Error","Aroostook County, Maine!!Total!!Estimate","Aroostook County, Maine!!Total!!Margin of Error","Aroostook County, Maine!!60 years and over!!Estimate","Aroostook County, Maine!!60 years and over!!Margin of Error","Cumberland County, Maine!!Total!!Estimate","Cumberland County, Maine!!Total!!Margin of Error","Cumberland County, Maine!!60 years and over!!Estimate","Cumberland County, Maine!!60 years and over!!Margin of Error","Franklin County, Maine!!Total!!Estimate","Franklin County, Maine!!Total!!Margin of Error","Franklin County, Maine!!60 years and over!!Estimate","Franklin County, Maine!!60 years and over!!Margin of Error","Hancock County, Maine!!Total!!Estimate","Hancock County, Maine!!Total!!Margin of Error","Hancock County, Maine!!60 years and over!!Estimate","Hancock County, Maine!!60 years and over!!Margin of Error","Kennebec County, Maine!!Total!!Estimate","Kennebec County, Maine!!Total!!Margin of Error","Kennebec County, Maine!!60 years and over!!Estimate","Kennebec County, Maine!!60 years and over!!Margin of Error","Knox County, Maine!!Total!!Estimate","Knox County, Maine!!Total!!Margin of Error","Knox County, Maine!!60 years and over!!Estimate","Knox County, Maine!!60 years and over!!Margin of Error","Lincoln County, Maine!!Total!!Estimate","Lincoln County, Maine!!Total!!Margin of Error","Lincoln County, Maine!!60 years and over!!Estimate","Lincoln County, Maine!!60 years and over!!Margin of Error","Oxford County, Maine!!Total!!Estimate","Oxford County, Maine!!Total!!Margin of Error","Oxford County, Maine!!60 years and over!!Estimate","Oxford County, Maine!!60 years and over!!Margin of Error","Penobscot County, Maine!!Total!!Estimate","Penobscot County, Maine!!Total!!Margin of Error","Penobscot County, Maine!!60 years and over!!Estimate","Penobscot County, Maine!!60 years and over!!Margin of Error","Piscataquis County, Maine!!Total!!Estimate","Piscataquis County, Maine!!Total!!Margin of Error","Piscataquis County, Maine!!60 years and over!!Estimate","Piscataquis County, Maine!!60 years and over!!Margin of Error","Sagadahoc County, Maine!!Total!!Estimate","Sagadahoc County, Maine!!Total!!Margin of Error","Sagadahoc County, Maine!!60 years and over!!Estimate","Sagadahoc County, Maine!!60 years and over!!Margin of Error","Somerset County, Maine!!Total!!Estimate","Somerset County, Maine!!Total!!Margin of Error","Somerset County, Maine!!60 years and over!!Estimate","Somerset County, Maine!!60 years and over!!Margin of Error","Waldo County, Maine!!Total!!Estimate","Waldo County, Maine!!Total!!Margin of Error","Waldo County, Maine!!60 years and over!!Estimate","Waldo County, Maine!!60 years and over!!Margin of Error","Washington County, Maine!!Total!!Estimate","Washington County, Maine!!Total!!Margin of Error","Washington County, Maine!!60 years and over!!Estimate","Washington County, Maine!!60 years and over!!Margin of Error","York County, Maine!!Total!!Estimate","York County, Maine!!Total!!Margin of Error","York County, Maine!!60 years and over!!Estimate","York County, Maine!!60 years and over!!Margin of Error"
"Total population","107,958","*****","26,434","±558","67,431","*****","21,648","±309","294,520","*****","73,736","±899","29,933","*****","9,062","±257","54,832","*****","18,554","±323","122,158","*****","33,446","±581","39,809","*****","13,890","±301","34,415","*****","12,573","±244","57,741","*****","18,130","±373","151,696","*****","39,231","±602","","","","","35,720","*****","11,118","±319","50,573","*****","15,048","±386","39,723","*****","12,456","±335","31,378","*****","10,533","±142","206,074","*****","58,798","±835"
"    SEX AND AGE","","","","","","","","","","","","","","","","","","","","","","","","","","","","","","","","","","","","","","","","","","","","","","","","","","","","","","","","","","","","","","","",""
"        Male","48.9%","±0.1","45.8%","±0.7","49.5%","±0.1","47.1%","±0.8","48.5%","±0.1","44.9%","±0.4","48.8%","±0.3","47.4%","±1.2","48.3%","±0.3","47.3%","±0.8","48.8%","±0.1","46.7%","±0.7","50.0%","±0.4","46.1%","±1.0","49.0%","±0.2","45.8%","±0.9","49.3%","±0.2","48.2%","±0.9","49.6%","±0.1","46.6%","±0.6","","","","","49.0%","±0.3","45.0%","±0.9","49.6%","±0.2","48.2%","±1.1","49.0%","±0.2","47.0%","±1.1","49.1%","±0.2","47.3%","±0.8","48.7%","±0.1","46.3%","±0.6"
"        Female","51.1%","±0.1","54.2%","±0.7","50.5%","±0.1","52.9%","±0.8","51.5%","±0.1","55.1%","±0.4","51.2%","±0.3","52.6%","±1.2","51.7%","±0.3","52.7%","±0.8","51.2%","±0.1","53.3%","±0.7","50.0%","±0.4","53.9%","±1.0","51.0%","±0.2","54.2%","±0.9","50.7%","±0.2","51.8%","±0.9","50.4%","±0.1","53.4%","±0.6","","","","","51.0%","±0.3","55.0%","±0.9","50.4%","±0.2","51.8%","±1.1","51.0%","±0.2","53.0%","±1.1","50.9%","±0.2","52.7%","±0.8","51.3%","±0.1","53.7%","±0.6"
"        Median age (years)","40.7","±0.4","69.4","±0.5","48.0","±0.2","70.2","±0.3","42.1","±0.2","69.6","±0.3","46.5","±0.3","69.8","±0.6","49.1","±0.3","69.6","±0.4","44.1","±0.2","69.6","±0.4","48.6","±0.3","69.3","±0.4","51.2","±0.3","70.2","±0.5","47.8","±0.3","69.4","±0.4","42.2","±0.3","69.4","±0.4","","","","","47.2","±0.4","69.3","±0.6","46.9","±0.3","69.2","±0.6","46.2","±0.3","69.2","±0.4","48.5","±0.3","69.4","±0.4","45.3","±0.2","69.3","±0.3"
"    RACE AND HISPANIC OR LATINO ORIGIN","","","","","","","","","","","","","","","","","","","","","","","","","","","","","","","","","","","","","","","","","","","","","","","","","","","","","","","","","","","","","","","",""
"        One race","94.7%","±0.5","98.5%","±0.3","98.1%","±0.3","99.1%","±0.3","96.9%","±0.3","98.1%","±0.6","97.1%","±0.5","99.1%","±0.6","98.2%","±0.3","99.2%","±0.3","97.8%","±0.2","99.1%","±0.4","97.7%","±0.5","99.3%","±0.4","97.6%","±0.9","97.8%","±1.8","97.1%","±0.4","99.0%","±0.4","97.5%","±0.2","98.9%","±0.3","","","","","97.7%","±0.6","99.3%","±0.4","98.0%","±0.3","99.2%","±0.2","97.7%","±0.4","98.9%","±0.7","97.5%","±0.3","98.7%","±0.5","97.4%","±0.5","99.0%","±0.5"
"            White","90.9%","±0.3","97.5%","±0.3","94.5%","±0.3","97.5%","±0.4","90.7%","±0.3","95.9%","±0.6","95.9%","±0.4","98.3%","±0.7","95.4%","±0.2","98.0%","±0.3","95.5%","±0.2","98.1%","±0.3","95.6%","±0.3","98.7%","±0.5","95.6%","±0.8","96.6%","±1.8","95.7%","±0.4","98.2%","±0.3","94.1%","±0.2","97.3%","±0.3","","","","","95.7%","±0.5","97.2%","±0.8","96.4%","±0.2","97.0%","±0.6","95.9%","±0.6","98.1%","±0.7","90.4%","±0.4","94.9%","±0.5","94.7%","±0.5","97.4%","±0.5"
"            Black or African American","2.4%","±0.4","0.6%","±0.3","1.0%","±0.2","0.2%","±0.1","3.1%","±0.2","0.7%","±0.2","0.3%","±0.2","0.2%","±0.3","0.8%","±0.1","0.1%","±0.1","0.8%","±0.2","0.0%","±0.1","0.5%","±0.2","0.0%","±0.1","0.5%","±0.2","0.1%","±0.1","0.3%","±0.1","0.1%","±0.1","0.8%","±0.1","0.2%","±0.1","","","","","0.7%","±0.3","0.6%","±0.6","0.6%","±0.2","0.9%","±0.5","0.4%","±0.2","0.3%","±0.3","0.7%","±0.4","0.3%","±0.3","0.9%","±0.1","0.4%","±0.1"
"            American Indian and Alaska Native","0.2%","±0.1","0.1%","±0.1","1.9%","±0.2","0.8%","±0.2","0.3%","±0.1","0.2%","±0.1","0.1%","±0.1","0.2%","±0.3","0.6%","±0.1","0.5%","±0.3","0.4%","±0.1","0.5%","±0.2","0.6%","±0.2","0.2%","±0.2","0.4%","±0.2","0.7%","±0.4","0.3%","±0.1","0.2%","±0.2","1.4%","±0.2","0.7%","±0.2","","","","","0.3%","±0.1","0.1%","±0.1","0.3%","±0.1","0.3%","±0.2","0.4%","±0.1","0.2%","±0.2","5.4%","±0.3","2.8%","±0.4","0.5%","±0.1","0.3%","±0.2"
"            Asian","0.9%","±0.1","0.3%","±0.2","0.4%","±0.1","0.2%","±0.1","2.3%","±0.1","1.2%","±0.1","0.5%","±0.1","0.3%","±0.2","1.2%","±0.2","0.4%","±0.2","1.0%","±0.1","0.3%","±0.1","0.5%","±0.1","0.1%","±0.1","0.9%","±0.1","0.3%","±0.2","0.5%","±0.1","0.5%","±0.2","0.8%","±0.2","0.2%","±0.1","","","","","0.8%","±0.2","1.3%","±0.5","0.6%","±0.1","1.0%","±0.4","0.4%","±0.1","0.3%","±0.2","0.4%","±0.1","0.3%","±0.1","1.1%","±0.1","0.7%","±0.1"
"            Native Hawaiian and Other Pacific Islander","0.0%","±0.1","0.0%","±0.1","0.0%","±0.1","0.1%","±0.1","0.0%","±0.1","0.0%","±0.1","0.0%","±0.1","0.1%","±0.1","0.0%","±0.1","0.0%","±0.1","0.1%","±0.1","0.0%","±0.1","0.0%","±0.1","0.0%","±0.2","0.0%","±0.1","0.0%","±0.2","0.0%","±0.1","0.0%","±0.1","0.0%","±0.1","0.0%","±0.1","","","","","0.0%","±0.1","0.0%","±0.2","0.0%","±0.1","0.0%","±0.2","0.0%","±0.1","0.0%","±0.2","0.0%","±0.1","0.0%","±0.1","0.0%","±0.1","0.0%","±0.1"
"            Some other race","0.4%","±0.3","0.0%","±0.1","0.3%","±0.1","0.4%","±0.4","0.5%","±0.2","0.0%","±0.1","0.3%","±0.2","0.0%","±0.1","0.2%","±0.1","0.2%","±0.2","0.2%","±0.1","0.1%","±0.1","0.6%","±0.5","0.3%","±0.3","0.3%","±0.1","0.1%","±0.1","0.3%","±0.3","0.0%","±0.1","0.4%","±0.2","0.5%","±0.2","","","","","0.2%","±0.2","0.1%","±0.2","0.1%","±0.1","0.0%","±0.1","0.6%","±0.5","0.0%","±0.1","0.5%","±0.3","0.3%","±0.3","0.2%","±0.1","0.1%","±0.1"
"        Two or more races","5.3%","±0.5","1.5%","±0.3","1.9%","±0.3","0.9%","±0.3","3.1%","±0.3","1.9%","±0.6","2.9%","±0.5","0.9%","±0.6","1.8%","±0.3","0.8%","±0.3","2.2%","±0.2","0.9%","±0.4","2.3%","±0.5","0.7%","±0.4","2.4%","±0.9","2.2%","±1.8","2.9%","±0.4","1.0%","±0.4","2.5%","±0.2","1.1%","±0.3","","","","","2.3%","±0.6","0.7%","±0.4","2.0%","±0.3","0.8%","±0.2","2.3%","±0.4","1.1%","±0.7","2.5%","±0.3","1.3%","±0.5","2.6%","±0.5","1.0%","±0.5"
"        Hispanic or Latino origin (of any race)","1.9%","*****","0.8%","±0.1","1.3%","*****","0.5%","±0.1","2.1%","*****","0.8%","±0.1","1.3%","*****","0.5%","±0.4","1.5%","*****","0.8%","±0.1","1.6%","*****","0.7%","±0.1","1.5%","*****","0.2%","±0.3","1.3%","*****","0.4%","±0.1","1.4%","*****","0.5%","±0.2","1.4%","*****","0.7%","±0.1","","","","","1.8%","*****","0.6%","±0.4","1.1%","*****","0.5%","±0.2","1.6%","*****","0.5%","±0.2","2.5%","*****","0.7%","±0.2","1.8%","*****","0.7%","±0.1"
"        White alone, not Hispanic or Latino","90.2%","±0.2","96.8%","±0.3","93.7%","±0.2","97.1%","±0.4","89.4%","±0.3","95.3%","±0.7","95.4%","±0.3","97.8%","±0.8","94.5%","±0.1","97.3%","±0.2","94.4%","±0.1","97.7%","±0.3","95.0%","±0.2","98.5%","±0.6","94.7%","±0.8","96.3%","±1.8","94.6%","±0.3","97.9%","±0.3","93.4%","±0.1","97.0%","±0.3","","","","","94.2%","±0.5","96.6%","±0.9","95.6%","±0.1","96.5%","±0.7","94.8%","±0.6","97.6%","±0.8","89.3%","±0.2","94.6%","±0.5","93.4%","±0.5","96.9%","±0.5"
"RELATIONSHIP","","","","","","","","","","","","","","","","","","","","","","","","","","","","","","","","","","","","","","","","","","","","","","","","","","","","","","","","","","","","","","","",""
"    Population in households","104,794","±397","25,568","±633","65,074","±303","20,634","±386","285,991","±655","71,627","±986","28,829","±273","8,924","±266","53,178","±300","18,091","±436","118,369","±365","32,135","±635","38,131","±188","13,588","±325","33,799","±130","12,270","±265","57,019","±99","17,792","±382","145,035","±590","38,057","±651","","","","","35,514","±118","11,003","±332","49,807","±140","14,643","±406","39,116","±142","12,387","±338","30,422","±191","10,175","±208","202,905","±476","57,503","±871"
"        Householder or spouse","63.5%","±1.1","94.7%","±1.0","67.4%","±1.1","94.8%","±1.1","63.7%","±0.6","92.0%","±0.8","63.4%","±2.1","88.2%","±3.7","67.9%","±1.5","92.5%","±1.4","64.8%","±1.0","92.7%","±1.4","68.0%","±1.9","94.7%","±1.4","68.5%","±1.9","94.5%","±1.6","59.4%","±1.6","88.6%","±2.1","63.6%","±0.8","90.6%","±1.2","","","","","69.4%","±1.5","94.6%","±1.6","63.5%","±1.2","93.5%","±1.2","67.6%","±1.7","93.9%","±1.4","67.0%","±1.3","94.5%","±1.2","64.7%","±0.8","92.0%","±0.9"
"        Parent","0.5%","±0.1","1.6%","±0.5","0.5%","±0.1","1.2%","±0.4","0.6%","±0.1","2.2%","±0.5","0.8%","±0.3","2.2%","±0.9","0.7%","±0.3","1.8%","±0.7","0.7%","±0.2","1.9%","±0.5","0.5%","±0.2","1.1%","±0.5","0.3%","±0.2","0.5%","±0.3","1.4%","±0.4","3.5%","±1.2","0.6%","±0.1","2.2%","±0.5","","","","","0.4%","±0.2","1.4%","±0.7","0.4%","±0.2","1.2%","±0.5","0.5%","±0.3","1.4%","±0.7","0.5%","±0.2","1.5%","±0.5","0.7%","±0.2","2.3%","±0.5"
"        Other relatives","28.5%","±0.9","1.5%","±0.4","27.2%","±1.1","2.0%","±0.9","27.7%","±0.5","2.4%","±0.4","27.2%","±1.8","2.0%","±1.3","24.5%","±1.2","2.0%","±0.6","27.7%","±0.8","2.2%","±0.9","25.6%","±1.7","0.9%","±0.5","24.9%","±1.7","2.5%","±1.4","30.9%","±1.5","3.3%","±1.1","27.0%","±0.7","3.0%","±0.6","","","","","24.0%","±1.3","1.3%","±0.9","27.5%","±1.2","1.4%","±0.6","24.3%","±1.4","1.4%","±0.6","26.1%","±1.2","1.5%","±0.5","27.7%","±0.7","2.4%","±0.5"
"        Nonrelatives","7.5%","±0.6","2.2%","±0.7","4.9%","±0.5","2.0%","±0.4","8.0%","±0.5","3.4%","±0.5","8.5%","±1.5","7.7%","±3.8","7.0%","±0.9","3.6%","±0.9","6.9%","±0.7","3.2%","±0.9","6.0%","±0.7","3.4%","±1.1","6.4%","±0.7","2.5%","±0.8","8.3%","±0.8","4.5%","±0.9","8.8%","±0.7","4.3%","±0.9","","","","","6.1%","±1.0","2.7%","±1.3","8.6%","±1.0","3.9%","±0.9","7.6%","±0.8","3.2%","±1.0","6.3%","±0.6","2.6%","±0.5","6.9%","±0.5","3.3%","±0.6"
"            Unmarried partner","5.3%","±0.6","1.3%","±0.5","2.9%","±0.4","1.4%","±0.4","3.9%","±0.3","2.0%","±0.4","3.4%","±0.7","2.4%","±1.2","4.1%","±0.6","2.5%","±0.7","4.5%","±0.5","1.9%","±0.6","3.8%","±0.7","2.3%","±0.9","4.1%","±0.7","1.9%","±0.8","3.8%","±0.5","2.0%","±0.6","4.3%","±0.5","1.9%","±0.5","","","","","4.1%","±0.9","2.4%","±1.2","5.5%","±0.7","2.9%","±0.8","5.0%","±0.6","2.0%","±0.6","4.2%","±0.5","1.8%","±0.4","3.3%","±0.3","1.7%","±0.4"
"HOUSEHOLDS BY TYPE","","","","","","","","","","","","","","","","","","","","","","","","","","","","","","","","","","","","","","","","","","","","","","","","","","","","","","","","","","","","","","","",""
"    Households","45,906","±574","16,913","±505","29,594","±456","13,555","±411","123,384","±887","45,705","±763","12,426","±346","5,343","±286","24,116","±519","11,359","±413","52,506","±644","20,691","±569","17,497","±464","8,827","±362","15,665","±387","7,857","±247","22,359","±540","10,529","±368","63,073","±680","23,966","±591","","","","","16,024","±346","6,719","±243","21,645","±397","9,684","±389","17,427","±414","7,622","±257","13,830","±283","6,646","±192","86,919","±1,108","35,831","±875"
"        Family households","60.5%","±1.8","51.0%","±3.1","61.5%","±1.7","51.5%","±2.6","59.6%","±0.9","52.5%","±1.9","60.4%","±2.8","53.2%","±4.4","60.9%","±2.1","53.1%","±2.7","60.8%","±1.7","52.6%","±2.4","60.4%","±2.9","51.1%","±4.2","61.8%","±2.8","54.9%","±3.4","64.6%","±1.8","58.2%","±3.2","60.4%","±1.4","52.2%","±1.8","","","","","65.4%","±2.7","58.9%","±4.1","61.7%","±2.2","50.0%","±3.6","64.8%","±2.1","61.9%","±3.7","63.4%","±2.0","53.5%","±2.9","63.6%","±1.4","55.7%","±2.5"
"            Married-couple family","44.9%","±1.6","45.1%","±3.1","48.6%","±1.7","44.4%","±2.7","48.0%","±0.9","45.7%","±1.6","47.6%","±2.5","44.4%","±3.8","49.7%","±2.1","48.8%","±2.6","46.1%","±1.7","44.6%","±2.4","48.4%","±2.5","46.5%","±3.9","47.9%","±2.9","47.3%","±3.1","51.6%","±2.1","51.6%","±3.3","46.3%","±1.4","44.5%","±1.8","","","","","53.2%","±2.6","54.0%","±4.4","46.8%","±2.4","42.6%","±3.7","50.9%","±2.6","54.7%","±4.4","47.8%","±1.8","45.9%","±2.8","51.2%","±1.6","49.6%","±2.4"
"            Female householder, no spouse present, family","10.3%","±1.1","4.2%","±1.0","8.2%","±0.8","5.1%","±1.0","7.8%","±0.6","4.9%","±0.7","7.9%","±1.6","5.5%","±2.2","8.0%","±1.0","3.0%","±0.7","10.1%","±1.0","6.1%","±1.6","9.1%","±1.5","3.5%","±1.2","9.7%","±1.8","6.1%","±2.2","8.6%","±1.2","4.0%","±1.1","9.9%","±0.8","5.4%","±1.2","","","","","7.6%","±1.5","3.6%","±1.7","9.9%","±1.4","4.5%","±1.5","9.3%","±1.9","5.9%","±3.0","10.4%","±1.1","5.5%","±1.1","8.7%","±0.8","4.5%","±0.7"
"        Nonfamily households","39.5%","±1.8","49.0%","±3.1","38.5%","±1.7","48.5%","±2.6","40.4%","±0.9","47.5%","±1.9","39.6%","±2.8","46.8%","±4.4","39.1%","±2.1","46.9%","±2.7","39.2%","±1.7","47.4%","±2.4","39.6%","±2.9","48.9%","±4.2","38.2%","±2.8","45.1%","±3.4","35.4%","±1.8","41.8%","±3.2","39.6%","±1.4","47.8%","±1.8","","","","","34.6%","±2.7","41.1%","±4.1","38.3%","±2.2","50.0%","±3.6","35.2%","±2.1","38.1%","±3.7","36.6%","±2.0","46.5%","±2.9","36.4%","±1.4","44.3%","±2.5"
"            Householder living alone","29.8%","±1.6","43.8%","±2.7","33.6%","±1.7","45.5%","±2.7","30.2%","±1.0","42.5%","±1.9","31.6%","±2.8","40.7%","±4.2","30.5%","±2.1","41.3%","±3.0","31.3%","±1.7","43.0%","±2.3","32.9%","±3.0","44.3%","±4.2","31.6%","±2.8","40.9%","±3.6","27.9%","±1.7","37.0%","±2.9","29.3%","±1.4","42.4%","±1.9","","","","","26.9%","±2.4","35.5%","±3.8","29.1%","±2.2","44.4%","±3.7","25.7%","±2.1","33.0%","±3.5","30.5%","±1.8","42.6%","±2.9","27.6%","±1.4","39.8%","±2.5"
"MARITAL STATUS","","","","","","","","","","","","","","","","","","","","","","","","","","","","","","","","","","","","","","","","","","","","","","","","","","","","","","","","","","","","","","","",""
"    Population 15 years and over","88,480","±107","26,434","±558","57,374","±50","21,648","±309","249,605","±59","73,736","±899","25,577","±57","9,062","±257","47,209","±67","18,554","±323","102,916","±76","33,446","±581","34,079","±63","13,890","±301","29,654","±75","12,573","±244","49,152","±76","18,130","±373","129,292","±63","39,231","±602","","","","","30,234","±64","11,118","±319","42,754","±53","15,048","±386","33,664","±28","12,456","±335","26,469","±34","10,533","±142","174,528","±46","58,798","±835"
"        Now married, except separated","48.6%","±1.7","58.7%","±3.0","52.2%","±1.7","57.9%","±2.6","49.7%","±0.9","58.0%","±1.5","50.8%","±2.2","56.8%","±3.9","53.2%","±2.0","61.1%","±2.2","49.3%","±1.6","57.8%","±2.2","51.8%","±2.5","60.5%","±3.7","53.4%","±2.6","61.4%","±3.1","50.1%","±2.0","61.1%","±3.1","47.6%","±1.3","56.4%","±1.7","","","","","57.9%","±2.6","67.1%","±3.8","49.4%","±2.2","55.9%","±3.4","54.8%","±2.5","67.3%","±3.5","52.2%","±1.9","59.7%","±2.4","53.2%","±1.3","61.9%","±2.0"
"        Widowed","6.3%","±0.6","17.9%","±1.9","8.7%","±0.7","20.2%","±1.4","5.5%","±0.4","16.9%","±1.1","7.2%","±0.9","19.2%","±2.6","6.7%","±0.7","15.2%","±1.5","5.6%","±0.4","15.9%","±1.3","6.5%","±0.8","15.0%","±1.8","7.6%","±0.9","16.6%","±1.8","6.5%","±0.7","15.4%","±1.8","6.6%","±0.4","19.7%","±1.3","","","","","5.2%","±0.9","12.9%","±2.3","6.9%","±0.9","18.2%","±2.4","5.8%","±0.7","14.1%","±1.8","7.7%","±0.7","17.3%","±1.7","6.0%","±0.5","15.6%","±1.2"
"        Divorced","14.3%","±1.1","16.8%","±2.4","12.7%","±1.1","14.5%","±1.8","12.4%","±0.6","17.4%","±1.1","14.5%","±1.7","19.1%","±2.9","15.0%","±1.3","16.8%","±1.7","15.6%","±1.1","19.5%","±1.9","15.2%","±1.4","18.3%","±2.6","14.9%","±1.5","15.0%","±2.3","15.0%","±1.0","17.1%","±2.2","13.7%","±0.7","17.4%","±1.2","","","","","13.8%","±1.4","15.1%","±2.4","16.5%","±1.5","20.8%","±2.6","13.7%","±1.4","13.1%","±1.9","14.6%","±1.2","16.6%","±2.0","13.3%","±0.8","16.0%","±1.5"
"        Separated","1.0%","±0.3","1.0%","±0.5","1.1%","±0.3","0.8%","±0.3","0.6%","±0.1","0.7%","±0.2","0.2%","±0.1","0.1%","±0.1","1.3%","±0.4","0.7%","±0.4","1.0%","±0.3","0.7%","±0.3","0.9%","±0.5","0.5%","±0.3","0.7%","±0.4","0.9%","±0.6","0.9%","±0.4","0.4%","±0.3","1.1%","±0.2","0.8%","±0.3","","","","","0.8%","±0.3","0.5%","±0.4","1.2%","±0.4","0.7%","±0.4","1.1%","±0.4","0.6%","±0.4","1.1%","±0.3","1.2%","±0.6","1.2%","±0.3","0.8%","±0.4"
"        Never married","29.8%","±1.0","5.7%","±1.0","25.3%","±1.1","6.6%","±1.2","31.8%","±0.7","7.0%","±0.7","27.3%","±1.3","4.7%","±1.4","23.9%","±1.2","6.2%","±1.4","28.5%","±1.0","6.1%","±1.0","25.5%","±1.6","5.6%","±1.5","23.4%","±1.7","6.2%","±1.6","27.5%","±1.3","5.9%","±1.0","31.0%","±0.9","5.8%","±0.8","","","","","22.3%","±1.7","4.4%","±1.6","26.1%","±1.5","4.3%","±1.2","24.6%","±1.3","4.9%","±2.0","24.5%","±1.3","5.3%","±1.5","26.4%","±0.7","5.7%","±0.7"
"EDUCATIONAL ATTAINMENT","","","","","","","","","","","","","","","","","","","","","","","","","","","","","","","","","","","","","","","","","","","","","","","","","","","","","","","","","","","","","","","",""
"    Population 25 years and over","75,245","±95","26,434","±558","50,068","±139","21,648","±309","214,177","±159","73,736","±899","21,768","±121","9,062","±257","42,028","±125","18,554","±323","88,325","±150","33,446","±581","30,210","±69","13,890","±301","26,461","±75","12,573","±244","43,289","±123","18,130","±373","108,311","±204","39,231","±602","","","","","26,891","±77","11,118","±319","37,601","±54","15,048","±386","29,485","±72","12,456","±335","23,114","±62","10,533","±142","152,421","±218","58,798","±835"
"        Less than high school graduate","8.7%","±0.9","13.3%","±1.7","10.2%","±1.0","15.3%","±1.6","4.7%","±0.4","6.6%","±0.7","6.4%","±0.9","7.5%","±1.6","5.3%","±0.6","5.9%","±0.9","6.8%","±0.6","9.0%","±1.3","7.0%","±1.2","6.9%","±1.8","6.2%","±1.1","6.1%","±1.4","8.6%","±1.0","9.0%","±1.4","7.1%","±0.6","10.0%","±1.1","","","","","5.5%","±0.9","6.1%","±1.4","9.7%","±1.0","12.7%","±1.7","7.2%","±1.0","7.1%","±1.2","9.1%","±0.9","9.5%","±1.4","6.2%","±0.5","8.6%","±1.1"
"        High school graduate, GED, or alternative","35.6%","±1.4","39.5%","±2.5","37.2%","±1.2","41.4%","±1.7","21.6%","±0.9","26.3%","±1.4","38.7%","±2.1","39.2%","±3.2","31.6%","±1.5","29.9%","±2.2","33.4%","±1.4","35.2%","±1.7","31.9%","±2.1","27.3%","±2.8","33.0%","±1.9","29.5%","±2.9","41.0%","±1.8","41.6%","±2.7","33.4%","±1.2","37.9%","±1.7","","","","","30.4%","±2.3","31.7%","±3.4","41.4%","±1.9","41.2%","±3.1","31.8%","±2.0","33.0%","±2.9","38.0%","±1.4","37.6%","±2.2","29.5%","±1.1","31.5%","±1.7"
"        Some college or associate's degree","33.0%","±1.4","28.5%","±2.3","32.8%","±1.4","27.9%","±1.9","25.6%","±0.8","24.7%","±1.2","28.6%","±2.2","24.3%","±2.5","28.0%","±1.5","27.2%","±2.2","30.5%","±1.2","27.9%","±1.9","27.0%","±1.7","26.4%","±2.6","24.6%","±1.4","20.3%","±1.8","29.8%","±1.6","27.9%","±2.5","30.9%","±1.1","26.8%","±1.7","","","","","26.7%","±1.8","22.8%","±3.0","31.0%","±1.6","25.1%","±2.4","29.4%","±1.9","25.5%","±2.8","29.2%","±1.4","25.6%","±2.0","32.1%","±1.1","28.7%","±1.6"
"        Bachelor's degree or higher","22.7%","±1.2","18.7%","±1.8","19.8%","±1.1","15.3%","±1.4","48.1%","±1.0","42.5%","±1.3","26.3%","±2.1","29.0%","±3.4","35.2%","±1.7","37.0%","±2.3","29.3%","±1.5","27.9%","±1.9","34.2%","±1.8","39.4%","±2.7","36.1%","±2.1","44.2%","±3.2","20.6%","±1.5","21.5%","±2.4","28.6%","±1.3","25.3%","±1.9","","","","","37.4%","±2.4","39.4%","±4.4","17.9%","±1.4","21.1%","±2.2","31.6%","±2.0","34.4%","±3.6","23.8%","±1.4","27.3%","±2.4","32.2%","±1.1","31.2%","±1.7"
"RESPONSIBILITY FOR GRANDCHILDREN UNDER 18 YEARS","","","","","","","","","","","","","","","","","","","","","","","","","","","","","","","","","","","","","","","","","","","","","","","","","","","","","","","","","","","","","","","",""
"    Population 30 years and over","68,694","±109","26,434","±558","46,680","±117","21,648","±309","193,970","±41","73,736","±899","20,140","±113","9,062","±257","39,089","±123","18,554","±323","81,221","±160","33,446","±581","28,211","±98","13,890","±301","24,720","±92","12,573","±244","40,332","±120","18,130","±373","97,942","±102","39,231","±602","","","","","24,786","±159","11,118","±319","34,905","±82","15,048","±386","27,434","±89","12,456","±335","21,636","±51","10,533","±142","140,034","±150","58,798","±835"
"        Living with grandchild(ren)","2.2%","±0.5","3.3%","±1.1","2.4%","±0.4","2.5%","±0.7","1.8%","±0.3","2.7%","±0.5","2.8%","±0.7","3.3%","±1.2","1.5%","±0.4","2.2%","±0.9","2.1%","±0.5","3.2%","±0.9","2.0%","±0.7","3.0%","±1.4","1.9%","±0.7","2.1%","±0.8","2.5%","±0.6","3.1%","±0.9","2.3%","±0.3","2.9%","±0.6","","","","","1.2%","±0.5","1.3%","±0.5","2.1%","±0.5","2.2%","±0.8","1.7%","±0.5","2.3%","±0.8","2.1%","±0.4","2.2%","±0.5","1.8%","±0.3","2.2%","±0.5"
"            Responsible for grandchild(ren)","0.7%","±0.2","0.9%","±0.4","1.3%","±0.4","1.2%","±0.6","0.5%","±0.2","0.6%","±0.2","0.6%","±0.4","0.8%","±0.5","0.4%","±0.2","0.6%","±0.3","0.8%","±0.3","0.8%","±0.4","0.5%","±0.3","0.4%","±0.3","0.5%","±0.3","0.5%","±0.5","0.6%","±0.3","0.8%","±0.5","1.0%","±0.3","0.9%","±0.3","","","","","0.5%","±0.3","0.6%","±0.4","0.7%","±0.2","0.6%","±0.3","0.3%","±0.2","0.3%","±0.3","1.0%","±0.3","0.9%","±0.4","0.4%","±0.1","0.5%","±0.2"
"VETERAN STATUS","","","","","","","","","","","","","","","","","","","","","","","","","","","","","","","","","","","","","","","","","","","","","","","","","","","","","","","","","","","","","","","",""
"    Civilian population 18 years and over","84,548","±24","26,434","±558","55,003","±38","21,648","±309","239,001","±227","73,736","±899","24,610","±49","9,062","±257","45,507","±84","18,554","±323","98,522","±75","33,446","±581","32,757","±96","13,890","±301","28,595","±69","12,573","±244","47,128","±55","18,130","±373","123,897","±133","39,231","±602","","","","","28,972","±56","11,118","±319","40,920","±37","15,048","±386","32,330","±23","12,456","±335","25,300","±28","10,533","±142","166,797","±198","58,798","±835"
"        Civilian veteran","9.6%","±0.7","17.9%","±1.4","11.0%","±0.7","19.1%","±1.5","7.2%","±0.4","14.6%","±0.9","10.7%","±1.0","20.3%","±2.3","9.3%","±0.9","16.8%","±1.7","10.0%","±0.6","18.0%","±1.3","8.7%","±0.9","14.4%","±1.7","11.7%","±0.9","17.2%","±1.4","9.7%","±0.8","18.2%","±1.5","8.8%","±0.5","16.6%","±1.1","","","","","11.9%","±1.2","20.8%","±2.1","10.9%","±1.1","18.2%","±2.3","8.9%","±0.7","16.8%","±1.5","11.9%","±0.7","20.3%","±1.4","9.9%","±0.6","17.3%","±1.1"
"DISABILITY STATUS","","","","","","","","","","","","","","","","","","","","","","","","","","","","","","","","","","","","","","","","","","","","","","","","","","","","","","","","","","","","","","","",""
"    Civilian noninstitutionalized population","106,836","±275","25,616","±629","66,151","±285","20,799","±397","290,964","±490","72,069","±957","29,796","±39","8,930","±264","54,341","±173","18,247","±357","120,543","±295","32,325","±637","38,340","±182","13,620","±325","33,994","±116","12,335","±262","57,381","±54","17,841","±377","149,991","±287","38,315","±627","","","","","35,612","±85","11,045","±329","49,998","±129","14,676","±408","39,601","±58","12,412","±339","30,789","±140","10,264","±169","203,993","±367","57,939","±827"
"        With any disability","17.3%","±1.0","33.0%","±2.4","22.1%","±1.2","38.1%","±2.3","11.4%","±0.4","24.1%","±1.3","15.5%","±1.4","29.0%","±2.9","14.3%","±0.9","27.8%","±1.7","16.3%","±0.7","29.0%","±1.7","15.0%","±1.4","23.8%","±2.6","16.4%","±1.5","26.0%","±2.3","18.4%","±1.2","26.9%","±2.0","18.1%","±0.7","33.6%","±1.9","","","","","11.8%","±1.1","24.8%","±2.7","20.5%","±1.3","35.2%","±2.6","16.5%","±1.3","29.4%","±2.8","22.7%","±1.0","35.9%","±1.8","14.9%","±0.7","27.5%","±1.6"
"        No disability","82.7%","±1.0","67.0%","±2.4","77.9%","±1.2","61.9%","±2.3","88.6%","±0.4","75.9%","±1.3","84.5%","±1.4","71.0%","±2.9","85.7%","±0.9","72.2%","±1.7","83.7%","±0.7","71.0%","±1.7","85.0%","±1.4","76.2%","±2.6","83.6%","±1.5","74.0%","±2.3","81.6%","±1.2","73.1%","±2.0","81.9%","±0.7","66.4%","±1.9","","","","","88.2%","±1.1","75.2%","±2.7","79.5%","±1.3","64.8%","±2.6","83.5%","±1.3","70.6%","±2.8","77.3%","±1.0","64.1%","±1.8","85.1%","±0.7","72.5%","±1.6"
"RESIDENCE 1 YEAR AGO","","","","","","","","","","","","","","","","","","","","","","","","","","","","","","","","","","","","","","","","","","","","","","","","","","","","","","","","","","","","","","","",""
"    Population 1 year and over","106,495","±241","26,434","±558","66,992","±88","21,648","±309","292,007","±381","73,736","±899","29,692","±75","9,062","±257","54,284","±150","18,554","±323","120,913","±252","33,446","±581","39,391","±123","13,890","±301","34,140","±83","12,573","±244","57,192","±109","18,130","±373","150,016","±295","39,231","±602","","","","","35,470","±96","11,118","±319","50,242","±109","15,048","±386","39,329","±113","12,456","±335","31,183","±46","10,533","±142","204,135","±325","58,798","±835"
"        Same house","85.6%","±1.4","93.9%","±1.1","88.9%","±1.3","93.6%","±1.1","87.0%","±0.5","92.9%","±0.8","84.9%","±1.9","93.5%","±1.9","89.5%","±1.1","93.1%","±1.6","86.8%","±1.2","94.0%","±1.1","89.0%","±1.5","93.6%","±1.8","90.0%","±1.2","94.4%","±1.3","88.0%","±1.4","93.0%","±1.4","84.6%","±1.0","92.9%","±1.0","","","","","89.3%","±1.8","93.1%","±2.0","87.0%","±1.7","92.1%","±2.3","88.8%","±1.3","94.7%","±1.3","86.1%","±1.5","92.6%","±1.9","87.5%","±0.8","93.0%","±0.9"
"        Different house in the United States","14.0%","±1.4","6.0%","±1.1","11.0%","±1.3","6.3%","±1.1","12.4%","±0.5","6.9%","±0.8","14.9%","±1.9","6.4%","±1.9","10.2%","±1.1","6.8%","±1.6","12.9%","±1.2","5.9%","±1.1","10.8%","±1.5","6.2%","±1.9","9.6%","±1.1","5.3%","±1.3","11.9%","±1.4","7.0%","±1.4","15.0%","±1.0","7.0%","±1.0","","","","","10.6%","±1.8","6.7%","±1.9","12.9%","±1.7","7.9%","±2.3","11.0%","±1.3","5.1%","±1.3","13.5%","±1.4","6.5%","±1.7","12.3%","±0.8","6.9%","±0.9"
"            Same county","9.0%","±1.3","3.4%","±0.8","8.1%","±1.1","4.4%","±0.9","7.2%","±0.5","3.4%","±0.5","6.0%","±1.3","2.6%","±1.1","5.7%","±0.9","3.7%","±0.9","7.4%","±0.9","2.8%","±0.7","5.3%","±1.0","2.6%","±1.3","4.6%","±0.8","2.7%","±1.1","7.6%","±1.3","4.1%","±1.2","8.9%","±0.9","4.4%","±0.9","","","","","3.9%","±1.0","1.9%","±1.1","6.4%","±1.2","3.8%","±1.8","4.4%","±0.7","2.5%","±0.9","8.1%","±1.2","3.5%","±1.5","6.4%","±0.7","3.6%","±0.6"
"            Different county","5.1%","±0.6","2.6%","±0.7","2.9%","±0.5","1.8%","±0.6","5.3%","±0.3","3.5%","±0.6","8.9%","±1.9","3.8%","±1.6","4.5%","±0.7","3.1%","±1.2","5.5%","±0.8","3.1%","±0.8","5.5%","±1.0","3.6%","±1.5","5.0%","±0.9","2.6%","±0.8","4.3%","±0.7","2.9%","±0.7","6.1%","±0.6","2.6%","±0.5","","","","","6.7%","±1.4","4.8%","±1.6","6.5%","±1.2","4.0%","±1.8","6.6%","±1.1","2.7%","±0.9","5.4%","±0.9","3.0%","±0.8","5.9%","±0.6","3.3%","±0.7"
"                Same state","3.4%","±0.5","1.9%","±0.7","1.1%","±0.3","0.6%","±0.4","2.3%","±0.2","1.5%","±0.3","6.2%","±1.7","1.9%","±1.4","2.2%","±0.5","1.0%","±0.3","3.5%","±0.7","1.9%","±0.6","3.2%","±0.7","1.0%","±0.7","2.4%","±0.5","0.9%","±0.4","2.1%","±0.7","1.3%","±0.5","3.1%","±0.4","1.3%","±0.4","","","","","4.7%","±1.3","2.9%","±1.2","4.8%","±1.2","3.3%","±1.8","3.7%","±0.9","0.7%","±0.3","2.8%","±0.7","1.5%","±0.6","2.2%","±0.3","0.9%","±0.3"
"                Different state","1.7%","±0.3","0.7%","±0.3","1.8%","±0.5","1.3%","±0.5","3.0%","±0.3","2.0%","±0.4","2.7%","±0.7","1.9%","±1.0","2.2%","±0.6","2.1%","±1.3","2.0%","±0.4","1.2%","±0.5","2.3%","±0.6","2.6%","±1.4","2.6%","±0.7","1.7%","±0.7","2.2%","±0.5","1.6%","±0.5","3.0%","±0.3","1.3%","±0.4","","","","","2.0%","±0.6","1.9%","±1.1","1.7%","±0.4","0.7%","±0.4","2.9%","±0.7","2.0%","±0.8","2.5%","±0.6","1.5%","±0.5","3.6%","±0.5","2.4%","±0.6"
"        Abroad","0.3%","±0.2","0.1%","±0.1","0.1%","±0.1","0.1%","±0.1","0.6%","±0.1","0.2%","±0.1","0.2%","±0.1","0.0%","±0.1","0.3%","±0.2","0.1%","±0.1","0.2%","±0.1","0.1%","±0.1","0.1%","±0.1","0.2%","±0.2","0.4%","±0.2","0.3%","±0.3","0.1%","±0.1","0.0%","±0.1","0.3%","±0.1","0.1%","±0.1","","","","","0.2%","±0.1","0.2%","±0.2","0.2%","±0.1","0.0%","±0.2","0.2%","±0.1","0.2%","±0.1","0.5%","±0.4","0.9%","±1.0","0.2%","±0.1","0.0%","±0.1"
"PLACE OF BIRTH, NATIVITY AND CITIZENSHIP STATUS, AND YEAR OF ENTRY","","","","","","","","","","","","","","","","","","","","","","","","","","","","","","","","","","","","","","","","","","","","","","","","","","","","","","","","","","","","","","","",""
"    Total population","107,958","*****","26,434","±558","67,431","*****","21,648","±309","294,520","*****","73,736","±899","29,933","*****","9,062","±257","54,832","*****","18,554","±323","122,158","*****","33,446","±581","39,809","*****","13,890","±301","34,415","*****","12,573","±244","57,741","*****","18,130","±373","151,696","*****","39,231","±602","","","","","35,720","*****","11,118","±319","50,573","*****","15,048","±386","39,723","*****","12,456","±335","31,378","*****","10,533","±142","206,074","*****","58,798","±835"
"        Native","104,163","±476","25,555","±558","64,730","±327","20,106","±371","276,817","±936","70,235","±859","29,395","±147","8,824","±272","53,042","±271","17,932","±333","119,375","±345","32,590","±600","38,778","±292","13,402","±324","33,600","±143","12,110","±279","56,815","±175","17,729","±369","147,351","±538","38,242","±621","","","","","34,484","±252","10,641","±328","49,703","±157","14,574","±376","38,872","±205","11,969","±322","30,202","±154","9,889","±164","198,844","±605","56,030","±881"
"        Foreign born","3,795","±476","879","±191","2,701","±327","1,542","±247","17,703","±936","3,501","±435","538","±147","238","±110","1,790","±271","622","±123","2,783","±345","856","±179","1,031","±292","488","±153","815","±143","463","±128","926","±175","401","±97","4,345","±538","989","±173","","","","","1,236","±252","477","±140","870","±157","474","±130","851","±205","487","±196","1,176","±154","644","±108","7,230","±605","2,768","±482"
"            Entered  2010 or later","36.1%","±6.9","3.6%","±4.3","11.2%","±3.0","0.2%","±0.3","39.3%","±3.8","10.0%","±4.8","38.3%","±13.6","1.3%","±2.5","20.9%","±7.5","1.6%","±2.6","22.5%","±5.6","1.9%","±2.3","26.8%","±14.2","0.0%","±5.5","19.4%","±7.9","2.4%","±3.9","14.0%","±7.2","0.0%","±6.6","23.7%","±6.1","1.9%","±1.8","","","","","9.3%","±7.0","0.0%","±5.6","14.5%","±7.7","0.8%","±1.5","18.0%","±10.3","7.8%","±11.9","13.3%","±5.5","0.8%","±0.8","18.8%","±5.0","1.0%","±1.2"
"            Entered  2000 to 2009","25.8%","±6.2","10.0%","±6.7","13.2%","±4.7","2.7%","±2.3","21.7%","±2.4","8.3%","±3.6","14.5%","±8.3","2.1%","±2.8","20.8%","±6.7","2.3%","±2.4","22.1%","±5.1","4.9%","±4.4","14.3%","±11.1","4.7%","±7.3","11.7%","±5.0","2.6%","±3.0","17.0%","±8.5","0.5%","±0.9","23.5%","±5.6","2.8%","±4.3","","","","","18.1%","±8.4","2.7%","±5.0","21.7%","±8.9","17.9%","±8.6","11.4%","±4.6","0.0%","±5.5","16.2%","±4.5","7.6%","±4.0","12.2%","±3.6","2.0%","±1.8"
"            Entered  before 2000","38.1%","±6.1","86.3%","±8.0","75.6%","±5.2","97.1%","±2.4","39.0%","±3.4","81.7%","±5.8","47.2%","±14.9","96.6%","±3.8","58.3%","±8.6","96.1%","±3.6","55.4%","±5.6","93.2%","±4.0","59.0%","±9.8","95.3%","±7.3","69.0%","±9.3","95.0%","±4.9","69.0%","±10.1","99.5%","±0.9","52.8%","±6.9","95.2%","±4.7","","","","","72.6%","±9.3","97.3%","±5.0","63.8%","±11.8","81.2%","±8.9","70.6%","±12.0","92.2%","±11.9","70.6%","±6.3","91.6%","±4.2","69.0%","±6.3","97.0%","±2.2"
"            Naturalized U.S. citizen","52.8%","±8.2","58.8%","±12.9","69.5%","±5.4","82.0%","±5.7","53.6%","±3.8","81.9%","±4.6","53.2%","±14.7","93.3%","±8.0","46.3%","±10.0","52.1%","±10.4","55.9%","±6.3","68.1%","±10.5","50.9%","±11.3","78.3%","±9.8","59.0%","±9.2","70.4%","±13.2","59.4%","±10.7","70.8%","±14.4","51.9%","±6.8","77.1%","±8.4","","","","","54.8%","±9.9","78.8%","±13.3","56.3%","±9.7","59.9%","±15.2","45.2%","±14.6","42.3%","±22.6","56.0%","±6.9","64.9%","±9.8","58.2%","±6.4","70.7%","±8.9"
"            Not a U.S. citizen","47.2%","±8.2","41.2%","±12.9","30.5%","±5.4","18.0%","±5.7","46.4%","±3.8","18.1%","±4.6","46.8%","±14.7","6.7%","±8.0","53.7%","±10.0","47.9%","±10.4","44.1%","±6.3","31.9%","±10.5","49.1%","±11.3","21.7%","±9.8","41.0%","±9.2","29.6%","±13.2","40.6%","±10.7","29.2%","±14.4","48.1%","±6.8","22.9%","±8.4","","","","","45.2%","±9.9","21.2%","±13.3","43.7%","±9.7","40.1%","±15.2","54.8%","±14.6","57.7%","±22.6","44.0%","±6.9","35.1%","±9.8","41.8%","±6.4","29.3%","±8.9"
"LANGUAGE SPOKEN AT HOME AND ABILITY TO SPEAK ENGLISH","","","","","","","","","","","","","","","","","","","","","","","","","","","","","","","","","","","","","","","","","","","","","","","","","","","","","","","","","","","","","","","",""
"    Population 5 years and over","101,558","±51","26,434","±558","64,118","±38","21,648","±309","280,348","±48","73,736","±899","28,551","±42","9,062","±257","52,503","±68","18,554","±323","116,350","±71","33,446","±581","38,149","±44","13,890","±301","32,977","±38","12,573","±244","55,180","±69","18,130","±373","144,657","±96","39,231","±602","","","","","33,863","±89","11,118","±319","48,220","±100","15,048","±386","37,901","±58","12,456","±335","29,865","±32","10,533","±142","196,484","±63","58,798","±835"
"        English only","90.6%","±0.7","82.4%","±1.8","85.9%","±1.1","77.5%","±2.1","92.9%","±0.4","94.9%","±0.6","97.6%","±0.7","97.5%","±1.1","96.9%","±0.5","97.4%","±0.8","95.5%","±0.6","93.4%","±1.3","95.6%","±1.1","95.7%","±1.9","97.2%","±0.4","97.0%","±0.8","97.4%","±0.6","96.8%","±0.8","95.8%","±0.5","96.7%","±0.5","","","","","96.1%","±0.9","95.0%","±1.6","96.9%","±0.5","94.5%","±1.4","95.5%","±1.4","97.0%","±0.9","94.3%","±0.7","94.2%","±1.3","93.2%","±0.6","89.5%","±1.5"
"        Language other than English","9.4%","±0.7","17.6%","±1.8","14.1%","±1.1","22.5%","±2.1","7.1%","±0.4","5.1%","±0.6","2.4%","±0.7","2.5%","±1.1","3.1%","±0.5","2.6%","±0.8","4.5%","±0.6","6.6%","±1.3","4.4%","±1.1","4.3%","±1.9","2.8%","±0.4","3.0%","±0.8","2.6%","±0.6","3.2%","±0.8","4.2%","±0.5","3.3%","±0.5","","","","","3.9%","±0.9","5.0%","±1.6","3.1%","±0.5","5.5%","±1.4","4.5%","±1.4","3.0%","±0.9","5.7%","±0.7","5.8%","±1.3","6.8%","±0.6","10.5%","±1.5"
"            Speak English less than ""very well""","2.1%","±0.4","3.4%","±1.0","2.6%","±0.5","5.1%","±1.0","2.4%","±0.3","2.0%","±0.3","0.6%","±0.3","0.3%","±0.2","0.8%","±0.2","0.4%","±0.3","1.0%","±0.2","1.7%","±0.6","0.9%","±0.6","0.7%","±0.5","0.7%","±0.2","0.6%","±0.5","0.5%","±0.2","0.5%","±0.2","0.8%","±0.2","0.7%","±0.3","","","","","0.8%","±0.4","1.1%","±0.8","0.6%","±0.2","1.4%","±0.5","0.5%","±0.2","0.5%","±0.2","1.1%","±0.3","1.0%","±0.4","1.7%","±0.3","2.2%","±0.4"
"EMPLOYMENT STATUS","","","","","","","","","","","","","","","","","","","","","","","","","","","","","","","","","","","","","","","","","","","","","","","","","","","","","","","","","","","","","","","",""
"    Population 16 years and over","87,203","±216","26,434","±558","56,773","±120","21,648","±309","246,303","±335","73,736","±899","25,299","±100","9,062","±257","46,655","±126","18,554","±323","101,462","±272","33,446","±581","33,716","±136","13,890","±301","29,289","±127","12,573","±244","48,580","±159","18,130","±373","127,672","±179","39,231","±602","","","","","29,801","±113","11,118","±319","42,175","±156","15,048","±386","33,216","±69","12,456","±335","26,151","±72","10,533","±142","172,029","±263","58,798","±835"
"        In labor force","65.0%","±1.1","30.1%","±2.1","54.1%","±1.1","22.2%","±1.2","69.0%","±0.5","34.4%","±1.1","60.3%","±1.9","27.2%","±3.3","62.5%","±1.1","34.7%","±1.9","61.9%","±1.1","29.1%","±1.8","60.6%","±1.7","39.9%","±2.9","58.0%","±1.5","31.0%","±2.2","57.1%","±1.4","30.1%","±2.3","60.9%","±0.9","28.5%","±1.6","","","","","66.0%","±1.4","31.8%","±3.3","55.6%","±1.6","25.8%","±2.4","60.3%","±1.4","30.2%","±2.4","52.6%","±1.3","27.3%","±2.0","66.7%","±0.8","34.0%","±1.6"
"            Civilian labor force","65.0%","±1.1","30.1%","±2.1","54.0%","±1.1","22.2%","±1.2","68.8%","±0.5","34.4%","±1.1","60.3%","±1.9","27.2%","±3.3","62.3%","±1.1","34.7%","±1.9","61.8%","±1.1","29.1%","±1.8","60.5%","±1.7","39.9%","±2.9","57.9%","±1.5","31.0%","±2.2","57.1%","±1.4","30.1%","±2.3","60.7%","±0.9","28.5%","±1.6","","","","","65.9%","±1.4","31.8%","±3.3","55.6%","±1.6","25.8%","±2.4","60.3%","±1.4","30.2%","±2.4","52.3%","±1.3","27.3%","±2.0","66.3%","±0.8","34.0%","±1.6"
"                Employed","62.1%","±1.1","28.9%","±2.0","51.3%","±1.1","21.5%","±1.3","66.6%","±0.6","33.6%","±1.1","57.4%","±2.0","26.3%","±3.3","60.1%","±1.2","33.2%","±1.8","59.5%","±1.1","28.5%","±1.7","58.4%","±1.7","39.1%","±2.8","55.7%","±1.7","30.2%","±2.2","53.6%","±1.7","29.2%","±2.3","57.8%","±0.9","27.2%","±1.6","","","","","63.4%","±1.5","29.0%","±2.5","52.9%","±1.6","25.0%","±2.4","57.4%","±1.5","29.1%","±2.3","48.5%","±1.4","25.9%","±1.8","64.0%","±0.8","33.1%","±1.7"
"                Unemployed","2.9%","±0.4","1.3%","±0.7","2.6%","±0.6","0.7%","±0.4","2.2%","±0.3","0.8%","±0.3","2.9%","±0.7","0.8%","±0.6","2.2%","±0.5","1.5%","±0.9","2.3%","±0.4","0.6%","±0.3","2.1%","±0.6","0.8%","±0.4","2.2%","±0.6","0.8%","±0.4","3.5%","±0.7","0.9%","±0.6","2.8%","±0.3","1.3%","±0.5","","","","","2.6%","±1.0","2.8%","±2.2","2.6%","±0.5","0.7%","±0.6","2.9%","±0.6","1.0%","±0.5","3.7%","±0.6","1.3%","±0.5","2.3%","±0.3","0.8%","±0.3"
"                    Percent of civilian labor force","4.5%","±0.6","4.2%","±2.4","4.9%","±1.0","3.1%","±1.7","3.2%","±0.4","2.3%","±0.9","4.8%","±1.2","3.0%","±2.3","3.6%","±0.8","4.4%","±2.5","3.7%","±0.6","1.9%","±0.9","3.5%","±1.0","2.1%","±1.0","3.9%","±1.1","2.7%","±1.2","6.1%","±1.3","2.9%","±1.9","4.6%","±0.5","4.7%","±1.8","","","","","3.9%","±1.6","8.9%","±6.3","4.7%","±0.9","2.8%","±2.2","4.8%","±1.0","3.5%","±1.5","7.1%","±1.2","4.9%","±1.7","3.5%","±0.5","2.4%","±0.8"
"            Armed forces","0.0%","±0.1","0.0%","±0.1","0.1%","±0.1","0.0%","±0.1","0.2%","±0.1","0.0%","±0.1","0.0%","±0.1","0.0%","±0.3","0.2%","±0.1","0.0%","±0.1","0.1%","±0.1","0.0%","±0.1","0.1%","±0.1","0.0%","±0.2","0.1%","±0.1","0.0%","±0.2","0.0%","±0.1","0.0%","±0.2","0.2%","±0.1","0.0%","±0.1","","","","","0.1%","±0.1","0.0%","±0.2","0.1%","±0.1","0.0%","±0.2","0.1%","±0.1","0.0%","±0.2","0.3%","±0.1","0.0%","±0.3","0.4%","±0.1","0.0%","±0.1"
"        Not in labor force","35.0%","±1.1","69.9%","±2.1","45.9%","±1.1","77.8%","±1.2","31.0%","±0.5","65.6%","±1.1","39.7%","±1.9","72.8%","±3.3","37.5%","±1.1","65.3%","±1.9","38.1%","±1.1","70.9%","±1.8","39.4%","±1.7","60.1%","±2.9","42.0%","±1.5","69.0%","±2.2","42.9%","±1.4","69.9%","±2.3","39.1%","±0.9","71.5%","±1.6","","","","","34.0%","±1.4","68.2%","±3.3","44.4%","±1.6","74.2%","±2.4","39.7%","±1.4","69.8%","±2.4","47.4%","±1.3","72.7%","±2.0","33.3%","±0.8","66.0%","±1.6"
"INCOME IN THE PAST 12 MONTHS (IN 2020 INFLATION-ADJUSTED DOLLARS)","","","","","","","","","","","","","","","","","","","","","","","","","","","","","","","","","","","","","","","","","","","","","","","","","","","","","","","","","","","","","","","",""
"    Households","45,906","±574","16,913","±505","29,594","±456","13,555","±411","123,384","±887","45,705","±763","12,426","±346","5,343","±286","24,116","±519","11,359","±413","52,506","±644","20,691","±569","17,497","±464","8,827","±362","15,665","±387","7,857","±247","22,359","±540","10,529","±368","63,073","±680","23,966","±591","","","","","16,024","±346","6,719","±243","21,645","±397","9,684","±389","17,427","±414","7,622","±257","13,830","±283","6,646","±192","86,919","±1,108","35,831","±875"
"        With earnings","75.5%","±1.1","45.6%","±2.5","64.0%","±1.5","36.1%","±2.1","78.6%","±0.7","51.4%","±1.5","71.9%","±2.4","45.1%","±3.9","75.5%","±1.2","52.5%","±2.4","74.1%","±1.3","47.4%","±2.5","76.8%","±1.8","59.8%","±3.1","68.9%","±2.4","48.0%","±3.3","69.7%","±1.9","48.0%","±2.8","73.3%","±1.1","44.5%","±2.0","","","","","77.0%","±1.8","50.4%","±3.9","67.4%","±2.0","43.5%","±3.8","74.1%","±1.9","50.3%","±3.6","66.2%","±1.7","43.2%","±2.5","77.1%","±1.0","51.1%","±2.2"
"            Mean earnings (dollars)","73,669","±2,808","62,631","±6,710","64,616","±2,236","49,665","±4,157","98,236","±2,206","74,586","±4,288","61,598","±3,180","45,228","±3,924","71,801","±2,889","55,386","±4,783","72,641","±2,328","58,854","±4,491","69,313","±3,764","54,965","±6,018","67,976","±3,651","50,666","±4,780","64,878","±2,620","48,843","±4,392","70,661","±2,366","58,341","±5,955","","","","","76,241","±4,513","71,444","±11,595","59,206","±2,857","42,217","±4,546","68,312","±2,999","58,004","±7,099","58,903","±2,494","48,188","±4,343","86,029","±2,289","70,920","±5,765"
"        With Social Security income","34.6%","±1.3","78.2%","±2.4","42.5%","±1.2","79.6%","±1.9","32.0%","±0.6","74.5%","±1.3","41.4%","±2.4","81.3%","±3.6","38.8%","±1.4","73.5%","±2.4","35.8%","±1.0","75.7%","±1.8","42.7%","±2.0","75.9%","±3.0","46.2%","±2.1","80.2%","±2.4","44.3%","±1.7","79.2%","±2.1","35.8%","±1.0","77.9%","±1.8","","","","","34.2%","±1.7","75.4%","±2.9","43.0%","±1.8","79.1%","±3.3","40.5%","±1.8","80.0%","±2.9","45.7%","±1.5","79.3%","±2.0","36.4%","±0.9","76.1%","±1.8"
"            Mean Social Security income (dollars)","18,179","±576","19,260","±649","17,434","±421","17,999","±464","20,190","±460","21,263","±489","20,310","±1,405","21,362","±1,560","19,918","±674","20,666","±716","18,682","±476","19,618","±517","19,743","±768","20,583","±824","19,031","±964","19,884","±1,065","18,806","±736","19,836","±827","18,467","±531","19,653","±587","","","","","20,807","±1,230","21,262","±1,289","18,093","±701","18,855","±764","19,523","±801","20,448","±931","17,706","±477","18,736","±587","19,825","±549","20,750","±600"
"        With Supplemental Security Income","7.2%","±0.9","6.2%","±1.4","8.6%","±1.2","8.9%","±1.6","4.0%","±0.5","4.4%","±0.7","4.8%","±1.5","6.5%","±2.5","4.0%","±0.7","3.5%","±1.0","6.7%","±0.8","6.0%","±1.1","5.8%","±1.2","3.4%","±1.1","5.4%","±1.4","3.7%","±1.2","8.5%","±1.3","6.0%","±1.5","7.8%","±0.8","8.3%","±1.4","","","","","3.5%","±0.8","3.1%","±1.1","7.7%","±1.0","6.7%","±1.8","7.8%","±1.3","5.9%","±1.7","8.8%","±1.0","8.1%","±1.5","5.3%","±0.7","4.9%","±0.9"
"            Mean Supplemental Security Income (dollars)","9,745","±877","8,913","±1,166","9,783","±554","9,334","±810","9,791","±713","9,836","±1,197","10,441","±1,914","8,792","±1,565","10,336","±1,146","12,482","±1,867","10,184","±804","11,587","±1,885","9,919","±1,750","12,163","±4,012","7,510","±1,059","8,865","±1,558","10,713","±1,048","9,475","±1,606","10,320","±633","10,269","±1,008","","","","","12,353","±1,974","12,127","±2,392","9,870","±848","9,582","±1,657","9,585","±989","9,551","±2,223","9,458","±796","8,378","±1,367","10,884","±902","10,728","±1,539"
"        With cash public assistance income","4.0%","±0.8","1.7%","±0.6","3.1%","±0.6","2.3%","±0.7","1.9%","±0.3","1.4%","±0.3","3.0%","±1.0","3.5%","±1.9","2.9%","±0.7","1.7%","±0.6","2.2%","±0.4","1.7%","±0.5","2.8%","±1.0","2.3%","±1.3","1.5%","±0.5","1.4%","±0.7","3.6%","±0.9","2.5%","±1.0","3.8%","±0.5","3.8%","±0.8","","","","","1.4%","±0.7","0.8%","±0.7","4.1%","±0.8","4.5%","±1.6","2.9%","±0.8","2.6%","±1.1","3.3%","±0.6","1.7%","±0.6","2.7%","±0.5","2.0%","±0.5"
"            Mean cash public assistance income (dollars)","2,921","±607","2,161","±901","2,890","±1,266","3,486","±3,267","3,692","±725","3,879","±1,710","1,884","±538","1,678","±495","1,476","±299","1,513","±363","1,945","±495","1,764","±747","2,309","±827","2,539","±1,471","4,597","±3,631","2,002","±1,602","2,017","±555","1,423","±557","2,395","±424","2,172","±637","","","","","1,858","±949","129","±3","1,946","±576","1,724","±699","2,763","±1,062","3,878","±2,435","2,249","±513","2,520","±1,276","2,553","±382","1,860","±514"
"        With retirement income","23.2%","±1.5","46.7%","±3.7","22.2%","±1.3","37.5%","±2.4","20.8%","±0.8","46.3%","±1.7","27.4%","±2.4","51.7%","±4.3","21.7%","±1.6","39.0%","±3.0","24.0%","±1.2","49.7%","±2.3","22.4%","±2.0","40.7%","±3.7","26.5%","±2.3","46.9%","±3.8","24.8%","±1.6","43.4%","±2.8","22.7%","±1.0","46.2%","±2.0","","","","","24.5%","±2.0","47.0%","±4.6","20.9%","±1.5","38.1%","±2.8","23.9%","±1.7","46.6%","±3.7","23.9%","±1.4","42.6%","±3.0","24.2%","±1.1","47.0%","±2.3"
"            Mean retirement income (dollars)","18,909","±1,205","20,863","±1,327","24,125","±7,078","25,462","±9,108","28,347","±1,983","30,813","±2,303","31,871","±7,063","34,332","±8,717","30,455","±3,082","32,374","±3,400","23,995","±1,116","24,923","±1,430","29,878","±3,998","29,632","±3,151","29,949","±3,235","31,102","±3,480","21,381","±1,661","21,426","±1,843","22,513","±2,580","23,780","±3,177","","","","","25,163","±2,444","27,673","±2,774","24,441","±4,147","26,408","±5,056","23,336","±1,856","24,088","±2,068","23,860","±1,725","24,517","±1,802","27,547","±2,545","26,118","±1,590"
"        With Food Stamp/SNAP benefits","17.3%","±1.5","16.3%","±2.4","18.4%","±1.5","17.7%","±2.0","7.9%","±0.6","7.3%","±1.0","14.5%","±2.0","14.1%","±2.7","9.6%","±1.2","8.0%","±2.2","14.0%","±1.3","12.5%","±1.7","9.6%","±1.7","6.6%","±1.9","10.9%","±1.6","10.2%","±2.2","15.4%","±1.4","10.1%","±1.9","15.8%","±1.1","14.3%","±1.6","","","","","7.8%","±1.4","6.3%","±2.3","19.9%","±1.8","19.6%","±2.6","12.6%","±1.5","10.0%","±2.1","20.0%","±1.3","14.4%","±1.7","9.9%","±0.9","8.1%","±1.2"
"POVERTY STATUS IN THE PAST 12 MONTHS","","","","","","","","","","","","","","","","","","","","","","","","","","","","","","","","","","","","","","","","","","","","","","","","","","","","","","","","","","","","","","","",""
"    Population for whom poverty status is determined","104,450","±478","25,616","±629","65,245","±326","20,799","±397","286,132","±721","72,069","±957","28,721","±283","8,930","±264","53,416","±213","18,247","±357","118,525","±398","32,325","±637","38,114","±223","13,620","±325","33,821","±150","12,335","±262","56,774","±171","17,841","±377","145,179","±662","38,315","±627","","","","","35,430","±142","11,045","±329","49,751","±192","14,676","±408","38,944","±160","12,412","±339","30,357","±196","10,264","±169","202,698","±458","57,939","±827"
"        Below 100 percent of the poverty level","11.3%","±1.2","8.3%","±1.4","14.3%","±1.2","13.2%","±1.7","8.3%","±0.7","7.3%","±0.7","12.5%","±2.0","9.8%","±2.5","10.1%","±1.0","8.5%","±1.4","12.4%","±1.1","8.9%","±1.3","9.2%","±1.5","7.3%","±1.4","10.6%","±1.7","7.3%","±1.5","13.4%","±1.5","8.2%","±1.5","13.4%","±0.9","9.2%","±1.2","","","","","10.5%","±1.7","12.0%","±3.3","19.5%","±1.8","13.9%","±2.2","12.5%","±1.4","7.5%","±1.4","18.1%","±1.4","14.6%","±2.2","7.4%","±0.7","6.7%","±0.9"
"        100 to 149 percent of the poverty level","10.3%","±1.2","11.0%","±1.9","12.4%","±1.2","15.2%","±2.0","5.3%","±0.7","6.5%","±0.9","11.4%","±2.0","11.9%","±2.3","7.6%","±0.9","10.0%","±1.8","8.9%","±1.1","9.5%","±1.3","8.2%","±1.8","5.4%","±1.3","8.2%","±1.5","6.9%","±1.6","11.3%","±1.4","10.5%","±1.3","9.6%","±0.9","10.6%","±1.2","","","","","4.9%","±1.3","4.3%","±1.6","12.3%","±1.5","13.8%","±1.7","8.2%","±1.3","10.0%","±1.9","10.9%","±1.0","10.5%","±1.6","6.0%","±0.7","7.8%","±1.2"
"        At or above 150 percent of the poverty level","78.3%","±1.6","80.7%","±2.1","73.3%","±1.6","71.6%","±2.2","86.4%","±1.0","86.2%","±1.2","76.1%","±2.8","78.3%","±3.7","82.4%","±1.2","81.4%","±1.9","78.7%","±1.5","81.7%","±2.0","82.6%","±2.0","87.4%","±1.8","81.1%","±2.2","85.7%","±2.2","75.3%","±2.0","81.3%","±2.0","77.0%","±1.2","80.3%","±1.6","","","","","84.6%","±2.2","83.7%","±3.7","68.1%","±2.1","72.3%","±2.7","79.3%","±2.0","82.5%","±2.4","71.0%","±1.8","74.9%","±2.0","86.6%","±1.0","85.5%","±1.6"
"Occupied housing units","45,906","±574","16,913","±505","29,594","±456","13,555","±411","123,384","±887","45,705","±763","12,426","±346","5,343","±286","24,116","±519","11,359","±413","52,506","±644","20,691","±569","17,497","±464","8,827","±362","15,665","±387","7,857","±247","22,359","±540","10,529","±368","63,073","±680","23,966","±591","","","","","16,024","±346","6,719","±243","21,645","±397","9,684","±389","17,427","±414","7,622","±257","13,830","±283","6,646","±192","86,919","±1,108","35,831","±875"
"    HOUSING TENURE","","","","","","","","","","","","","","","","","","","","","","","","","","","","","","","","","","","","","","","","","","","","","","","","","","","","","","","","","","","","","","","",""
"        Owner-occupied housing units","64.9%","±1.4","71.4%","±1.9","73.2%","±1.7","75.2%","±2.4","70.0%","±1.0","77.9%","±1.6","77.5%","±2.2","84.0%","±3.1","76.7%","±1.9","82.1%","±2.6","70.7%","±1.5","77.5%","±2.3","78.6%","±1.9","86.8%","±2.5","78.6%","±2.4","87.1%","±2.4","80.5%","±1.8","85.5%","±2.7","70.1%","±1.2","78.3%","±1.8","","","","","75.4%","±2.3","85.6%","±2.7","76.5%","±2.2","83.1%","±3.1","80.4%","±1.6","88.4%","±2.4","77.6%","±1.6","82.9%","±2.3","74.4%","±1.2","80.7%","±1.9"
"        Renter-occupied housing units","35.1%","±1.4","28.6%","±1.9","26.8%","±1.7","24.8%","±2.4","30.0%","±1.0","22.1%","±1.6","22.5%","±2.2","16.0%","±3.1","23.3%","±1.9","17.9%","±2.6","29.3%","±1.5","22.5%","±2.3","21.4%","±1.9","13.2%","±2.5","21.4%","±2.4","12.9%","±2.4","19.5%","±1.8","14.5%","±2.7","29.9%","±1.2","21.7%","±1.8","","","","","24.6%","±2.3","14.4%","±2.7","23.5%","±2.2","16.9%","±3.1","19.6%","±1.6","11.6%","±2.4","22.4%","±1.6","17.1%","±2.3","25.6%","±1.2","19.3%","±1.9"
"        Average household size of owner-occupied unit","2.42","±0.04","1.87","±0.06","2.35","±0.04","1.86","±0.05","2.47","±0.03","1.93","±0.04","2.39","±0.09","1.97","±0.10","2.31","±0.05","1.86","±0.06","2.42","±0.04","1.87","±0.06","2.27","±0.07","1.79","±0.07","2.22","±0.06","1.77","±0.07","2.56","±0.07","2.10","±0.08","2.42","±0.03","1.88","±0.05","","","","","2.33","±0.06","1.86","±0.06","2.34","±0.06","1.81","±0.08","2.29","±0.06","1.85","±0.07","2.25","±0.05","1.79","±0.05","2.45","±0.03","1.92","±0.04"
"        Average household size of renter-occupied unit","2.02","±0.07","1.28","±0.08","1.79","±0.07","1.31","±0.07","1.97","±0.05","1.36","±0.06","2.08","±0.21","1.63","±0.40","1.87","±0.09","1.31","±0.12","1.86","±0.07","1.27","±0.06","1.84","±0.13","1.28","±0.15","1.94","±0.15","1.30","±0.12","2.50","±0.18","1.66","±0.21","2.02","±0.05","1.41","±0.07","","","","","1.88","±0.12","1.35","±0.14","2.16","±0.13","1.31","±0.13","2.04","±0.13","1.48","±0.18","2.03","±0.09","1.29","±0.09","1.99","±0.06","1.32","±0.07"
"    SELECTED CHARACTERISTICS","","","","","","","","","","","","","","","","","","","","","","","","","","","","","","","","","","","","","","","","","","","","","","","","","","","","","","","","","","","","","","","",""
"        No telephone service available","1.4%","±0.4","1.6%","±0.5","2.4%","±0.5","1.7%","±0.7","1.5%","±0.2","1.4%","±0.5","1.4%","±0.8","0.4%","±0.3","0.7%","±0.3","0.5%","±0.2","1.6%","±0.4","1.0%","±0.3","0.8%","±0.4","0.5%","±0.3","1.0%","±0.4","0.4%","±0.2","1.8%","±0.6","1.5%","±0.7","1.3%","±0.3","1.1%","±0.4","","","","","1.4%","±0.9","2.0%","±1.8","1.5%","±0.7","1.7%","±1.3","2.2%","±0.8","1.6%","±0.8","1.5%","±0.4","1.7%","±0.5","1.2%","±0.3","0.8%","±0.4"
"        1.01 or more occupants per room","1.6%","±0.4","0.8%","±0.4","1.1%","±0.3","0.2%","±0.2","1.5%","±0.3","0.3%","±0.2","1.6%","±0.8","0.5%","±0.5","1.8%","±0.6","0.2%","±0.2","1.3%","±0.4","0.3%","±0.2","0.4%","±0.2","0.2%","±0.2","1.1%","±0.5","0.1%","±0.1","1.4%","±0.5","0.2%","±0.2","1.7%","±0.4","0.7%","±0.5","","","","","0.1%","±0.1","0.1%","±0.1","2.3%","±0.8","0.8%","±0.8","2.0%","±0.6","0.2%","±0.3","1.0%","±0.3","0.2%","±0.1","1.4%","±0.4","0.9%","±0.7"
"Owner-occupied housing units","29,796","±724","12,084","±438","21,666","±529","10,193","±412","86,357","±1,280","35,598","±802","9,632","±334","4,486","±276","18,505","±533","9,326","±375","37,144","±824","16,029","±523","13,759","±443","7,660","±340","12,319","±388","6,841","±277","18,007","±575","8,998","±381","44,198","±894","18,766","±635","","","","","12,084","±351","5,754","±245","16,564","±490","8,049","±409","14,012","±342","6,741","±278","10,735","±267","5,510","±182","64,632","±1,029","28,915","±879"
"    SELECTED MONTHLY OWNER COSTS AS A PERCENTAGE OF HOUSEHOLD INCOME IN THE PAST 12 MONTHS","","","","","","","","","","","","","","","","","","","","","","","","","","","","","","","","","","","","","","","","","","","","","","","","","","","","","","","","","","","","","","","",""
"        Less than 30 percent","81.0%","±1.5","77.7%","±2.4","81.4%","±1.3","79.2%","±2.3","77.7%","±1.1","73.3%","±1.6","79.9%","±2.6","79.0%","±3.5","80.1%","±1.7","76.5%","±2.3","82.2%","±1.4","80.4%","±2.1","75.7%","±2.8","74.1%","±3.9","75.7%","±2.6","76.8%","±3.2","79.2%","±1.7","76.9%","±2.5","82.1%","±1.2","78.9%","±2.1","","","","","74.3%","±3.6","73.7%","±4.3","79.8%","±2.0","79.3%","±3.3","78.9%","±2.1","75.9%","±3.2","77.1%","±1.7","76.1%","±2.3","75.0%","±1.6","69.1%","±2.7"
"        30 percent or more","19.0%","±1.5","22.3%","±2.4","18.6%","±1.3","20.8%","±2.3","22.3%","±1.1","26.7%","±1.6","20.1%","±2.6","21.0%","±3.5","19.9%","±1.7","23.5%","±2.3","17.8%","±1.4","19.6%","±2.1","24.3%","±2.8","25.9%","±3.9","24.3%","±2.6","23.2%","±3.2","20.8%","±1.7","23.1%","±2.5","17.9%","±1.2","21.1%","±2.1","","","","","25.7%","±3.6","26.3%","±4.3","20.2%","±2.0","20.7%","±3.3","21.1%","±2.1","24.1%","±3.2","22.9%","±1.7","23.9%","±2.3","25.0%","±1.6","30.9%","±2.7"
"    OWNER CHARACTERISTICS","","","","","","","","","","","","","","","","","","","","","","","","","","","","","","","","","","","","","","","","","","","","","","","","","","","","","","","","","","","","","","","",""
"        Median value (dollars)","166,600","±2,931","168,500","±4,430","102,600","±3,764","96,600","±4,600","288,800","±3,593","285,000","±5,179","146,900","±6,983","152,600","±10,921","218,000","±7,359","244,900","±11,840","164,000","±3,078","169,600","±4,835","209,900","±11,002","236,400","±13,199","220,000","±9,632","250,300","±17,844","150,700","±4,838","157,300","±6,687","148,300","±3,023","141,600","±5,809","","","","","222,900","±8,788","240,500","±15,824","122,400","±3,817","124,400","±8,400","169,400","±5,639","181,300","±9,651","115,200","±3,723","124,100","±7,907","260,800","±4,753","264,700","±7,169"
"        Median selected monthly owner costs with a mortgage (dollars)","1,356","±37","1,251","±84","976","±29","890","±43","1,762","±31","1,577","±51","1,067","±56","965","±67","1,353","±33","1,338","±50","1,236","±26","1,176","±53","1,352","±64","1,328","±100","1,278","±58","1,249","±79","1,154","±32","1,060","±72","1,233","±27","1,066","±48","","","","","1,481","±39","1,453","±116","1,024","±35","949","±63","1,250","±51","1,260","±111","1,051","±40","1,015","±68","1,647","±33","1,539","±58"
"        Median selected monthly owner costs without a mortgage (dollars)","546","±21","538","±29","377","±12","370","±14","639","±19","648","±25","417","±26","424","±32","471","±20","490","±24","472","±11","480","±13","563","±31","576","±37","519","±35","527","±39","443","±13","443","±15","435","±13","447","±17","","","","","544","±46","553","±53","396","±15","400","±24","443","±23","471","±34","412","±14","428","±20","585","±19","590","±19"
"Renter-occupied housing units","16,110","±654","4,829","±371","7,928","±536","3,362","±350","37,027","±1,256","10,107","±768","2,794","±307","857","±180","5,611","±488","2,033","±325","15,362","±871","4,662","±530","3,738","±361","1,167","±234","3,346","±406","1,016","±196","4,352","±412","1,531","±298","18,875","±801","5,200","±455","","","","","3,940","±408","965","±196","5,081","±504","1,635","±320","3,415","±325","881","±191","3,095","±246","1,136","±167","22,287","±1,170","6,916","±752"
"    GROSS RENT AS A PERCENTAGE OF HOUSEHOLD INCOME IN THE PAST 12 MONTHS","","","","","","","","","","","","","","","","","","","","","","","","","","","","","","","","","","","","","","","","","","","","","","","","","","","","","","","","","","","","","","","",""
"        Less than 30 percent","58.5%","±3.2","56.4%","±6.4","59.2%","±3.9","52.4%","±5.4","56.8%","±2.1","51.9%","±4.7","63.4%","±8.3","61.3%","±12.1","61.3%","±4.5","53.7%","±7.7","59.7%","±3.4","54.0%","±5.4","62.7%","±5.8","64.4%","±11.2","66.4%","±6.1","56.0%","±13.6","51.9%","±4.6","51.7%","±9.7","55.7%","±3.4","53.9%","±5.8","","","","","59.1%","±6.3","57.4%","±11.4","63.3%","±5.0","62.4%","±9.1","62.5%","±5.9","49.8%","±11.5","62.6%","±4.6","55.4%","±8.9","57.4%","±2.3","52.2%","±6.1"
"        30 percent or more","41.5%","±3.2","43.6%","±6.4","40.8%","±3.9","47.6%","±5.4","43.2%","±2.1","48.1%","±4.7","36.6%","±8.3","38.7%","±12.1","38.7%","±4.5","46.3%","±7.7","40.3%","±3.4","46.0%","±5.4","37.3%","±5.8","35.6%","±11.2","33.6%","±6.1","44.0%","±13.6","48.1%","±4.6","48.3%","±9.7","44.3%","±3.4","46.1%","±5.8","","","","","40.9%","±6.3","42.6%","±11.4","36.7%","±5.0","37.6%","±9.1","37.5%","±5.9","50.2%","±11.5","37.4%","±4.6","44.6%","±8.9","42.6%","±2.3","47.8%","±6.1"
"    GROSS RENT","","","","","","","","","","","","","","","","","","","","","","","","","","","","","","","","","","","","","","","","","","","","","","","","","","","","","","","","","","","","","","","",""
"        Median gross rent (dollars)","771","±27","638","±69","589","±34","509","±47","1,193","±22","925","±85","719","±120","542","±43","838","±26","711","±131","777","±21","635","±40","855","±48","776","±49","817","±45","653","±313","718","±25","499","±89","823","±20","684","±64","","","","","896","±63","750","±93","758","±35","674","±25","795","±39","635","±169","582","±39","443","±55","1,022","±28","850","±39"