"Label (Grouping)","Androscoggin County, Maine!!Total!!Estimate","Androscoggin County, Maine!!Total!!Margin of Error","Androscoggin County, Maine!!Percent!!Estimate","Androscoggin County, Maine!!Percent!!Margin of Error","Androscoggin County, Maine!!Veterans!!Estimate","Androscoggin County, Maine!!Veterans!!Margin of Error","Androscoggin County, Maine!!Percent Veterans!!Estimate","Androscoggin County, Maine!!Percent Veterans!!Margin of Error","Androscoggin County, Maine!!Nonveterans!!Estimate","Androscoggin County, Maine!!Nonveterans!!Margin of Error","Androscoggin County, Maine!!Percent Nonveterans!!Estimate","Androscoggin County, Maine!!Percent Nonveterans!!Margin of Error","Aroostook County, Maine!!Total!!Estimate","Aroostook County, Maine!!Total!!Margin of Error","Aroostook County, Maine!!Percent!!Estimate","Aroostook County, Maine!!Percent!!Margin of Error","Aroostook County, Maine!!Veterans!!Estimate","Aroostook County, Maine!!Veterans!!Margin of Error","Aroostook County, Maine!!Percent Veterans!!Estimate","Aroostook County, Maine!!Percent Veterans!!Margin of Error","Aroostook County, Maine!!Nonveterans!!Estimate","Aroostook County, Maine!!Nonveterans!!Margin of Error","Aroostook County, Maine!!Percent Nonveterans!!Estimate","Aroostook County, Maine!!Percent Nonveterans!!Margin of Error","Cumberland County, Maine!!Total!!Estimate","Cumberland County, Maine!!Total!!Margin of Error","Cumberland County, Maine!!Percent!!Estimate","Cumberland County, Maine!!Percent!!Margin of Error","Cumberland County, Maine!!Veterans!!Estimate","Cumberland County, Maine!!Veterans!!Margin of Error","Cumberland County, Maine!!Percent Veterans!!Estimate","Cumberland County, Maine!!Percent Veterans!!Margin of Error","Cumberland County, Maine!!Nonveterans!!Estimate","Cumberland County, Maine!!Nonveterans!!Margin of Error","Cumberland County, Maine!!Percent Nonveterans!!Estimate","Cumberland County, Maine!!Percent Nonveterans!!Margin of Error","Franklin County, Maine!!Total!!Estimate","Franklin County, Maine!!Total!!Margin of Error","Franklin County, Maine!!Percent!!Estimate","Franklin County, Maine!!Percent!!Margin of Error","Franklin County, Maine!!Veterans!!Estimate","Franklin County, Maine!!Veterans!!Margin of Error","Franklin County, Maine!!Percent Veterans!!Estimate","Franklin County, Maine!!Percent Veterans!!Margin of Error","Franklin County, Maine!!Nonveterans!!Estimate","Franklin County, Maine!!Nonveterans!!Margin of Error","Franklin County, Maine!!Percent Nonveterans!!Estimate","Franklin County, Maine!!Percent Nonveterans!!Margin of Error","Hancock County, Maine!!Total!!Estimate","Hancock County, Maine!!Total!!Margin of Error","Hancock County, Maine!!Percent!!Estimate","Hancock County, Maine!!Percent!!Margin of Error","Hancock County, Maine!!Veterans!!Estimate","Hancock County, Maine!!Veterans!!Margin of Error","Hancock County, Maine!!Percent Veterans!!Estimate","Hancock County, Maine!!Percent Veterans!!Margin of Error","Hancock County, Maine!!Nonveterans!!Estimate","Hancock County, Maine!!Nonveterans!!Margin of Error","Hancock County, Maine!!Percent Nonveterans!!Estimate","Hancock County, Maine!!Percent Nonveterans!!Margin of Error","Kennebec County, Maine!!Total!!Estimate","Kennebec County, Maine!!Total!!Margin of Error","Kennebec County, Maine!!Percent!!Estimate","Kennebec County, Maine!!Percent!!Margin of Error","Kennebec County, Maine!!Veterans!!Estimate","Kennebec County, Maine!!Veterans!!Margin of Error","Kennebec County, Maine!!Percent Veterans!!Estimate","Kennebec County, Maine!!Percent Veterans!!Margin of Error","Kennebec County, Maine!!Nonveterans!!Estimate","Kennebec County, Maine!!Nonveterans!!Margin of Error","Kennebec County, Maine!!Percent Nonveterans!!Estimate","Kennebec County, Maine!!Percent Nonveterans!!Margin of Error","Knox County, Maine!!Total!!Estimate","Knox County, Maine!!Total!!Margin of Error","Knox County, Maine!!Percent!!Estimate","Knox County, Maine!!Percent!!Margin of Error","Knox County, Maine!!Veterans!!Estimate","Knox County, Maine!!Veterans!!Margin of Error","Knox County, Maine!!Percent Veterans!!Estimate","Knox County, Maine!!Percent Veterans!!Margin of Error","Knox County, Maine!!Nonveterans!!Estimate","Knox County, Maine!!Nonveterans!!Margin of Error","Knox County, Maine!!Percent Nonveterans!!Estimate","Knox County, Maine!!Percent Nonveterans!!Margin of Error","Lincoln County, Maine!!Total!!Estimate","Lincoln County, Maine!!Total!!Margin of Error","Lincoln County, Maine!!Percent!!Estimate","Lincoln County, Maine!!Percent!!Margin of Error","Lincoln County, Maine!!Veterans!!Estimate","Lincoln County, Maine!!Veterans!!Margin of Error","Lincoln County, Maine!!Percent Veterans!!Estimate","Lincoln County, Maine!!Percent Veterans!!Margin of Error","Lincoln County, Maine!!Nonveterans!!Estimate","Lincoln County, Maine!!Nonveterans!!Margin of Error","Lincoln County, Maine!!Percent Nonveterans!!Estimate","Lincoln County, Maine!!Percent Nonveterans!!Margin of Error","Oxford County, Maine!!Total!!Estimate","Oxford County, Maine!!Total!!Margin of Error","Oxford County, Maine!!Percent!!Estimate","Oxford County, Maine!!Percent!!Margin of Error","Oxford County, Maine!!Veterans!!Estimate","Oxford County, Maine!!Veterans!!Margin of Error","Oxford County, Maine!!Percent Veterans!!Estimate","Oxford County, Maine!!Percent Veterans!!Margin of Error","Oxford County, Maine!!Nonveterans!!Estimate","Oxford County, Maine!!Nonveterans!!Margin of Error","Oxford County, Maine!!Percent Nonveterans!!Estimate","Oxford County, Maine!!Percent Nonveterans!!Margin of Error","Penobscot County, Maine!!Total!!Estimate","Penobscot County, Maine!!Total!!Margin of Error","Penobscot County, Maine!!Percent!!Estimate","Penobscot County, Maine!!Percent!!Margin of Error","Penobscot County, Maine!!Veterans!!Estimate","Penobscot County, Maine!!Veterans!!Margin of Error","Penobscot County, Maine!!Percent Veterans!!Estimate","Penobscot County, Maine!!Percent Veterans!!Margin of Error","Penobscot County, Maine!!Nonveterans!!Estimate","Penobscot County, Maine!!Nonveterans!!Margin of Error","Penobscot County, Maine!!Percent Nonveterans!!Estimate","Penobscot County, Maine!!Percent Nonveterans!!Margin of Error","Piscataquis County, Maine!!Total!!Estimate","Piscataquis County, Maine!!Total!!Margin of Error","Piscataquis County, Maine!!Percent!!Estimate","Piscataquis County, Maine!!Percent!!Margin of Error","Piscataquis County, Maine!!Veterans!!Estimate","Piscataquis County, Maine!!Veterans!!Margin of Error","Piscataquis County, Maine!!Percent Veterans!!Estimate","Piscataquis County, Maine!!Percent Veterans!!Margin of Error","Piscataquis County, Maine!!Nonveterans!!Estimate","Piscataquis County, Maine!!Nonveterans!!Margin of Error","Piscataquis County, Maine!!Percent Nonveterans!!Estimate","Piscataquis County, Maine!!Percent Nonveterans!!Margin of Error","Sagadahoc County, Maine!!Total!!Estimate","Sagadahoc County, Maine!!Total!!Margin of Error","Sagadahoc County, Maine!!Percent!!Estimate","Sagadahoc County, Maine!!Percent!!Margin of Error","Sagadahoc County, Maine!!Veterans!!Estimate","Sagadahoc County, Maine!!Veterans!!Margin of Error","Sagadahoc County, Maine!!Percent Veterans!!Estimate","Sagadahoc County, Maine!!Percent Veterans!!Margin of Error","Sagadahoc County, Maine!!Nonveterans!!Estimate","Sagadahoc County, Maine!!Nonveterans!!Margin of Error","Sagadahoc County, Maine!!Percent Nonveterans!!Estimate","Sagadahoc County, Maine!!Percent Nonveterans!!Margin of Error","Somerset County, Maine!!Total!!Estimate","Somerset County, Maine!!Total!!Margin of Error","Somerset County, Maine!!Percent!!Estimate","Somerset County, Maine!!Percent!!Margin of Error","Somerset County, Maine!!Veterans!!Estimate","Somerset County, Maine!!Veterans!!Margin of Error","Somerset County, Maine!!Percent Veterans!!Estimate","Somerset County, Maine!!Percent Veterans!!Margin of Error","Somerset County, Maine!!Nonveterans!!Estimate","Somerset County, Maine!!Nonveterans!!Margin of Error","Somerset County, Maine!!Percent Nonveterans!!Estimate","Somerset County, Maine!!Percent Nonveterans!!Margin of Error","Waldo County, Maine!!Total!!Estimate","Waldo County, Maine!!Total!!Margin of Error","Waldo County, Maine!!Percent!!Estimate","Waldo County, Maine!!Percent!!Margin of Error","Waldo County, Maine!!Veterans!!Estimate","Waldo County, Maine!!Veterans!!Margin of Error","Waldo County, Maine!!Percent Veterans!!Estimate","Waldo County, Maine!!Percent Veterans!!Margin of Error","Waldo County, Maine!!Nonveterans!!Estimate","Waldo County, Maine!!Nonveterans!!Margin of Error","Waldo County, Maine!!Percent Nonveterans!!Estimate","Waldo County, Maine!!Percent Nonveterans!!Margin of Error","Washington County, Maine!!Total!!Estimate","Washington County, Maine!!Total!!Margin of Error","Washington County, Maine!!Percent!!Estimate","Washington County, Maine!!Percent!!Margin of Error","Washington County, Maine!!Veterans!!Estimate","Washington County, Maine!!Veterans!!Margin of Error","Washington County, Maine!!Percent Veterans!!Estimate","Washington County, Maine!!Percent Veterans!!Margin of Error","Washington County, Maine!!Nonveterans!!Estimate","Washington County, Maine!!Nonveterans!!Margin of Error","Washington County, Maine!!Percent Nonveterans!!Estimate","Washington County, Maine!!Percent Nonveterans!!Margin of Error","York County, Maine!!Total!!Estimate","York County, Maine!!Total!!Margin of Error","York County, Maine!!Percent!!Estimate","York County, Maine!!Percent!!Margin of Error","York County, Maine!!Veterans!!Estimate","York County, Maine!!Veterans!!Margin of Error","York County, Maine!!Percent Veterans!!Estimate","York County, Maine!!Percent Veterans!!Margin of Error","York County, Maine!!Nonveterans!!Estimate","York County, Maine!!Nonveterans!!Margin of Error","York County, Maine!!Percent Nonveterans!!Estimate","York County, Maine!!Percent Nonveterans!!Margin of Error"
"Civilian population 18 years and over","84,548","±24","(X)","(X)","8,118","±573","9.6%","±0.7","76,430","±574","90.4%","±0.7","55,003","±38","(X)","(X)","6,063","±368","11.0%","±0.7","48,940","±369","89.0%","±0.7","239,001","±227","(X)","(X)","17,194","±912","7.2%","±0.4","221,807","±963","92.8%","±0.4","24,610","±49","(X)","(X)","2,622","±246","10.7%","±1.0","21,988","±241","89.3%","±1.0","45,507","±84","(X)","(X)","4,241","±388","9.3%","±0.9","41,266","±381","90.7%","±0.9","98,522","±75","(X)","(X)","9,836","±640","10.0%","±0.6","88,686","±639","90.0%","±0.6","32,757","±96","(X)","(X)","2,836","±311","8.7%","±0.9","29,921","±315","91.3%","±0.9","28,595","±69","(X)","(X)","3,357","±265","11.7%","±0.9","25,238","±265","88.3%","±0.9","47,128","±55","(X)","(X)","4,590","±365","9.7%","±0.8","42,538","±363","90.3%","±0.8","123,897","±133","(X)","(X)","10,904","±601","8.8%","±0.5","112,993","±615","91.2%","±0.5","13,983","±56","(X)","(X)","1,544","±170","11.0%","±1.2","12,439","±188","89.0%","±1.2","28,972","±56","(X)","(X)","3,450","±335","11.9%","±1.2","25,522","±334","88.1%","±1.2","40,920","±37","(X)","(X)","4,449","±460","10.9%","±1.1","36,471","±466","89.1%","±1.1","32,330","±23","(X)","(X)","2,886","±218","8.9%","±0.7","29,444","±215","91.1%","±0.7","25,300","±28","(X)","(X)","3,003","±180","11.9%","±0.7","22,297","±185","88.1%","±0.7","166,797","±198","(X)","(X)","16,559","±949","9.9%","±0.6","150,238","±986","90.1%","±0.6"
"    PERIOD OF SERVICE","","","","","","","","","","","","","","","","","","","","","","","","","","","","","","","","","","","","","","","","","","","","","","","","","","","","","","","","","","","","","","","","","","","","","","","","","","","","","","","","","","","","","","","","","","","","","","","","","","","","","","","","","","","","","","","","","","","","","","","","","","","","","","","","","","","","","","","","","","","","","","","","","","","","","","","","","","","","","","","","","","","","","","","","","","","","","","","","","","","","","","","","","","","","","","","",""
"        Gulf War (9/2001 or later) veterans","(X)","(X)","(X)","(X)","1,690","±289","20.8%","±3.2","(X)","(X)","(X)","(X)","(X)","(X)","(X)","(X)","802","±176","13.2%","±2.8","(X)","(X)","(X)","(X)","(X)","(X)","(X)","(X)","2,601","±399","15.1%","±2.0","(X)","(X)","(X)","(X)","(X)","(X)","(X)","(X)","283","±90","10.8%","±3.3","(X)","(X)","(X)","(X)","(X)","(X)","(X)","(X)","403","±103","9.5%","±2.2","(X)","(X)","(X)","(X)","(X)","(X)","(X)","(X)","1,451","±285","14.8%","±2.7","(X)","(X)","(X)","(X)","(X)","(X)","(X)","(X)","266","±100","9.4%","±3.4","(X)","(X)","(X)","(X)","(X)","(X)","(X)","(X)","484","±125","14.4%","±3.3","(X)","(X)","(X)","(X)","(X)","(X)","(X)","(X)","457","±131","10.0%","±2.7","(X)","(X)","(X)","(X)","(X)","(X)","(X)","(X)","2,110","±387","19.4%","±3.0","(X)","(X)","(X)","(X)","(X)","(X)","(X)","(X)","153","±67","9.9%","±4.1","(X)","(X)","(X)","(X)","(X)","(X)","(X)","(X)","507","±170","14.7%","±4.1","(X)","(X)","(X)","(X)","(X)","(X)","(X)","(X)","547","±169","12.3%","±3.4","(X)","(X)","(X)","(X)","(X)","(X)","(X)","(X)","399","±144","13.8%","±4.7","(X)","(X)","(X)","(X)","(X)","(X)","(X)","(X)","344","±62","11.5%","±1.9","(X)","(X)","(X)","(X)","(X)","(X)","(X)","(X)","2,958","±516","17.9%","±2.6","(X)","(X)","(X)","(X)"
"        Gulf War (8/1990 to 8/2001) veterans","(X)","(X)","(X)","(X)","1,382","±223","17.0%","±2.6","(X)","(X)","(X)","(X)","(X)","(X)","(X)","(X)","1,244","±227","20.5%","±3.3","(X)","(X)","(X)","(X)","(X)","(X)","(X)","(X)","3,320","±447","19.3%","±2.3","(X)","(X)","(X)","(X)","(X)","(X)","(X)","(X)","475","±146","18.1%","±5.0","(X)","(X)","(X)","(X)","(X)","(X)","(X)","(X)","914","±184","21.6%","±3.7","(X)","(X)","(X)","(X)","(X)","(X)","(X)","(X)","2,081","±348","21.2%","±3.1","(X)","(X)","(X)","(X)","(X)","(X)","(X)","(X)","338","±115","11.9%","±3.6","(X)","(X)","(X)","(X)","(X)","(X)","(X)","(X)","485","±132","14.4%","±3.6","(X)","(X)","(X)","(X)","(X)","(X)","(X)","(X)","663","±147","14.4%","±2.8","(X)","(X)","(X)","(X)","(X)","(X)","(X)","(X)","2,334","±327","21.4%","±2.6","(X)","(X)","(X)","(X)","(X)","(X)","(X)","(X)","233","±89","15.1%","±5.1","(X)","(X)","(X)","(X)","(X)","(X)","(X)","(X)","829","±192","24.0%","±4.5","(X)","(X)","(X)","(X)","(X)","(X)","(X)","(X)","1,261","±301","28.3%","±5.2","(X)","(X)","(X)","(X)","(X)","(X)","(X)","(X)","486","±122","16.8%","±3.9","(X)","(X)","(X)","(X)","(X)","(X)","(X)","(X)","422","±78","14.1%","±2.4","(X)","(X)","(X)","(X)","(X)","(X)","(X)","(X)","3,435","±507","20.7%","±2.5","(X)","(X)","(X)","(X)"
"        Vietnam era veterans","(X)","(X)","(X)","(X)","2,897","±312","35.7%","±3.2","(X)","(X)","(X)","(X)","(X)","(X)","(X)","(X)","2,315","±258","38.2%","±3.9","(X)","(X)","(X)","(X)","(X)","(X)","(X)","(X)","6,265","±582","36.4%","±2.9","(X)","(X)","(X)","(X)","(X)","(X)","(X)","(X)","1,006","±167","38.4%","±5.2","(X)","(X)","(X)","(X)","(X)","(X)","(X)","(X)","1,968","±261","46.4%","±4.8","(X)","(X)","(X)","(X)","(X)","(X)","(X)","(X)","3,420","±285","34.8%","±2.6","(X)","(X)","(X)","(X)","(X)","(X)","(X)","(X)","1,192","±182","42.0%","±4.7","(X)","(X)","(X)","(X)","(X)","(X)","(X)","(X)","1,441","±188","42.9%","±5.1","(X)","(X)","(X)","(X)","(X)","(X)","(X)","(X)","1,817","±238","39.6%","±4.4","(X)","(X)","(X)","(X)","(X)","(X)","(X)","(X)","3,858","±340","35.4%","±3.0","(X)","(X)","(X)","(X)","(X)","(X)","(X)","(X)","712","±85","46.1%","±5.6","(X)","(X)","(X)","(X)","(X)","(X)","(X)","(X)","1,435","±200","41.6%","±5.0","(X)","(X)","(X)","(X)","(X)","(X)","(X)","(X)","1,755","±221","39.4%","±4.8","(X)","(X)","(X)","(X)","(X)","(X)","(X)","(X)","1,311","±178","45.4%","±4.8","(X)","(X)","(X)","(X)","(X)","(X)","(X)","(X)","1,279","±134","42.6%","±3.6","(X)","(X)","(X)","(X)","(X)","(X)","(X)","(X)","6,464","±544","39.0%","±2.7","(X)","(X)","(X)","(X)"
"        Korean War veterans","(X)","(X)","(X)","(X)","390","±129","4.8%","±1.6","(X)","(X)","(X)","(X)","(X)","(X)","(X)","(X)","537","±114","8.9%","±1.9","(X)","(X)","(X)","(X)","(X)","(X)","(X)","(X)","1,493","±337","8.7%","±2.0","(X)","(X)","(X)","(X)","(X)","(X)","(X)","(X)","256","±90","9.8%","±3.3","(X)","(X)","(X)","(X)","(X)","(X)","(X)","(X)","312","±95","7.4%","±2.3","(X)","(X)","(X)","(X)","(X)","(X)","(X)","(X)","733","±194","7.5%","±2.0","(X)","(X)","(X)","(X)","(X)","(X)","(X)","(X)","277","±88","9.8%","±3.2","(X)","(X)","(X)","(X)","(X)","(X)","(X)","(X)","269","±100","8.0%","±3.1","(X)","(X)","(X)","(X)","(X)","(X)","(X)","(X)","523","±156","11.4%","±3.3","(X)","(X)","(X)","(X)","(X)","(X)","(X)","(X)","850","±128","7.8%","±1.2","(X)","(X)","(X)","(X)","(X)","(X)","(X)","(X)","120","±36","7.8%","±2.4","(X)","(X)","(X)","(X)","(X)","(X)","(X)","(X)","436","±135","12.6%","±4.0","(X)","(X)","(X)","(X)","(X)","(X)","(X)","(X)","259","±114","5.8%","±2.4","(X)","(X)","(X)","(X)","(X)","(X)","(X)","(X)","235","±68","8.1%","±2.3","(X)","(X)","(X)","(X)","(X)","(X)","(X)","(X)","231","±55","7.7%","±1.9","(X)","(X)","(X)","(X)","(X)","(X)","(X)","(X)","1,142","±201","6.9%","±1.2","(X)","(X)","(X)","(X)"
"        World War II veterans","(X)","(X)","(X)","(X)","179","±84","2.2%","±1.0","(X)","(X)","(X)","(X)","(X)","(X)","(X)","(X)","197","±84","3.2%","±1.3","(X)","(X)","(X)","(X)","(X)","(X)","(X)","(X)","725","±188","4.2%","±1.1","(X)","(X)","(X)","(X)","(X)","(X)","(X)","(X)","91","±51","3.5%","±1.9","(X)","(X)","(X)","(X)","(X)","(X)","(X)","(X)","124","±79","2.9%","±1.8","(X)","(X)","(X)","(X)","(X)","(X)","(X)","(X)","404","±101","4.1%","±1.0","(X)","(X)","(X)","(X)","(X)","(X)","(X)","(X)","77","±46","2.7%","±1.6","(X)","(X)","(X)","(X)","(X)","(X)","(X)","(X)","91","±48","2.7%","±1.5","(X)","(X)","(X)","(X)","(X)","(X)","(X)","(X)","183","±81","4.0%","±1.8","(X)","(X)","(X)","(X)","(X)","(X)","(X)","(X)","365","±151","3.3%","±1.4","(X)","(X)","(X)","(X)","(X)","(X)","(X)","(X)","43","±40","2.8%","±2.5","(X)","(X)","(X)","(X)","(X)","(X)","(X)","(X)","103","±62","3.0%","±1.8","(X)","(X)","(X)","(X)","(X)","(X)","(X)","(X)","79","±54","1.8%","±1.2","(X)","(X)","(X)","(X)","(X)","(X)","(X)","(X)","131","±79","4.5%","±2.6","(X)","(X)","(X)","(X)","(X)","(X)","(X)","(X)","66","±31","2.2%","±1.0","(X)","(X)","(X)","(X)","(X)","(X)","(X)","(X)","532","±166","3.2%","±1.0","(X)","(X)","(X)","(X)"
"    SEX","","","","","","","","","","","","","","","","","","","","","","","","","","","","","","","","","","","","","","","","","","","","","","","","","","","","","","","","","","","","","","","","","","","","","","","","","","","","","","","","","","","","","","","","","","","","","","","","","","","","","","","","","","","","","","","","","","","","","","","","","","","","","","","","","","","","","","","","","","","","","","","","","","","","","","","","","","","","","","","","","","","","","","","","","","","","","","","","","","","","","","","","","","","","","","","",""
"        Male","40,874","±65","48.3%","±0.1","7,564","±560","93.2%","±1.9","33,310","±555","43.6%","±0.4","26,902","±55","48.9%","±0.1","5,508","±353","90.8%","±2.2","21,394","±362","43.7%","±0.4","114,187","±225","47.8%","±0.1","16,072","±854","93.5%","±1.4","98,115","±908","44.2%","±0.2","11,959","±102","48.6%","±0.4","2,440","±232","93.1%","±2.6","9,519","±234","43.3%","±0.7","21,790","±114","47.9%","±0.2","3,956","±351","93.3%","±2.0","17,834","±369","43.2%","±0.5","47,422","±106","48.1%","±0.1","8,872","±521","90.2%","±2.9","38,550","±531","43.5%","±0.4","16,096","±133","49.1%","±0.4","2,662","±297","93.9%","±2.9","13,434","±323","44.9%","±0.7","13,766","±68","48.1%","±0.2","3,195","±253","95.2%","±1.9","10,571","±250","41.9%","±0.6","23,014","±79","48.8%","±0.2","4,254","±352","92.7%","±2.4","18,760","±372","44.1%","±0.5","60,802","±120","49.1%","±0.1","9,885","±568","90.7%","±1.9","50,917","±590","45.1%","±0.3","7,044","±94","50.4%","±0.5","1,456","±151","94.3%","±3.2","5,588","±182","44.9%","±0.9","14,013","±108","48.4%","±0.3","3,199","±310","92.7%","±2.9","10,814","±307","42.4%","±0.7","20,139","±84","49.2%","±0.2","4,149","±445","93.3%","±1.8","15,990","±454","43.8%","±0.7","15,697","±89","48.6%","±0.3","2,660","±214","92.2%","±2.9","13,037","±220","44.3%","±0.5","12,289","±50","48.6%","±0.2","2,767","±159","92.1%","±1.7","9,522","±162","42.7%","±0.4","79,664","±215","47.8%","±0.1","15,472","±944","93.4%","±1.4","64,192","±993","42.7%","±0.4"
"        Female","43,674","±60","51.7%","±0.1","554","±158","6.8%","±1.9","43,120","±175","56.4%","±0.4","28,101","±50","51.1%","±0.1","555","±138","9.2%","±2.2","27,546","±130","56.3%","±0.4","124,814","±25","52.2%","±0.1","1,122","±251","6.5%","±1.4","123,692","±253","55.8%","±0.2","12,651","±97","51.4%","±0.4","182","±73","6.9%","±2.6","12,469","±126","56.7%","±0.7","23,717","±68","52.1%","±0.2","285","±95","6.7%","±2.0","23,432","±108","56.8%","±0.5","51,100","±65","51.9%","±0.1","964","±314","9.8%","±2.9","50,136","±326","56.5%","±0.4","16,661","±132","50.9%","±0.4","174","±88","6.1%","±2.9","16,487","±151","55.1%","±0.7","14,829","±47","51.9%","±0.2","162","±67","4.8%","±1.9","14,667","±80","58.1%","±0.6","24,114","±83","51.2%","±0.2","336","±112","7.3%","±2.4","23,778","±149","55.9%","±0.5","63,095","±97","50.9%","±0.1","1,019","±218","9.3%","±1.9","62,076","±225","54.9%","±0.3","6,939","±66","49.6%","±0.5","88","±54","5.7%","±3.2","6,851","±91","55.1%","±0.9","14,959","±97","51.6%","±0.3","251","±106","7.3%","±2.9","14,708","±144","57.6%","±0.7","20,781","±72","50.8%","±0.2","300","±81","6.7%","±1.8","20,481","±102","56.2%","±0.7","16,633","±84","51.4%","±0.3","226","±87","7.8%","±2.9","16,407","±126","55.7%","±0.5","13,011","±42","51.4%","±0.2","236","±55","7.9%","±1.7","12,775","±76","57.3%","±0.4","87,133","±107","52.2%","±0.1","1,087","±238","6.6%","±1.4","86,046","±246","57.3%","±0.4"
"    AGE","","","","","","","","","","","","","","","","","","","","","","","","","","","","","","","","","","","","","","","","","","","","","","","","","","","","","","","","","","","","","","","","","","","","","","","","","","","","","","","","","","","","","","","","","","","","","","","","","","","","","","","","","","","","","","","","","","","","","","","","","","","","","","","","","","","","","","","","","","","","","","","","","","","","","","","","","","","","","","","","","","","","","","","","","","","","","","","","","","","","","","","","","","","","","","","",""
"        18 to 34 years","22,569","±83","26.7%","±0.1","682","±214","8.4%","±2.6","21,887","±236","28.6%","±0.3","11,656","±82","21.2%","±0.1","305","±114","5.0%","±1.8","11,351","±122","23.2%","±0.3","65,222","±205","27.3%","±0.1","1,087","±315","6.3%","±1.7","64,135","±368","28.9%","±0.1","6,182","±126","25.1%","±0.5","105","±46","4.0%","±1.7","6,077","±137","27.6%","±0.6","9,745","±123","21.4%","±0.3","105","±57","2.5%","±1.4","9,640","±137","23.4%","±0.4","24,517","±195","24.9%","±0.2","444","±148","4.5%","±1.4","24,073","±260","27.1%","±0.3","6,647","±163","20.3%","±0.5","118","±60","4.2%","±2.1","6,529","±173","21.8%","±0.6","5,572","±107","19.5%","±0.4","124","±61","3.7%","±1.8","5,448","±119","21.6%","±0.5","9,875","±118","21.0%","±0.3","74","±34","1.6%","±0.8","9,801","±117","23.0%","±0.3","35,873","±211","29.0%","±0.2","777","±222","7.1%","±1.9","35,096","±311","31.1%","±0.3","2,503","±66","17.9%","±0.4","24","±21","1.6%","±1.3","2,479","±69","19.9%","±0.6","6,299","±159","21.7%","±0.5","173","±86","5.0%","±2.3","6,126","±191","24.0%","±0.7","8,755","±121","21.4%","±0.3","182","±91","4.1%","±2.0","8,573","±147","23.5%","±0.4","7,072","±102","21.9%","±0.3","98","±43","3.4%","±1.4","6,974","±113","23.7%","±0.4","5,190","±55","20.5%","±0.2","136","±45","4.5%","±1.4","5,054","±62","22.7%","±0.3","39,306","±233","23.6%","±0.1","1,117","±230","6.7%","±1.3","38,189","±351","25.4%","±0.2"
"        35 to 54 years","27,434","±79","32.4%","±0.1","1,885","±268","23.2%","±2.7","25,549","±280","33.4%","±0.3","15,986","±82","29.1%","±0.1","1,010","±179","16.7%","±2.7","14,976","±196","30.6%","±0.4","76,527","±97","32.0%","±0.1","3,773","±453","21.9%","±2.3","72,754","±485","32.8%","±0.2","6,769","±122","27.5%","±0.5","342","±100","13.0%","±3.6","6,427","±151","29.2%","±0.7","12,818","±117","28.2%","±0.2","715","±160","16.9%","±3.3","12,103","±206","29.3%","±0.5","30,523","±196","31.0%","±0.2","2,121","±338","21.6%","±3.1","28,402","±400","32.0%","±0.5","9,619","±126","29.4%","±0.4","426","±148","15.0%","±4.5","9,193","±186","30.7%","±0.6","7,670","±91","26.8%","±0.3","622","±133","18.5%","±3.3","7,048","±163","27.9%","±0.5","14,390","±132","30.5%","±0.3","797","±171","17.4%","±3.2","13,593","±213","32.0%","±0.4","37,058","±225","29.9%","±0.2","2,442","±338","22.4%","±2.6","34,616","±436","30.6%","±0.3","3,957","±71","28.3%","±0.5","302","±90","19.6%","±4.7","3,655","±89","29.4%","±0.7","8,784","±125","30.3%","±0.4","611","±153","17.7%","±4.0","8,173","±205","32.0%","±0.7","13,002","±126","31.8%","±0.3","992","±246","22.3%","±4.6","12,010","±284","32.9%","±0.6","9,811","±105","30.3%","±0.3","419","±90","14.5%","±3.0","9,392","±122","31.9%","±0.5","7,133","±67","28.2%","±0.3","445","±69","14.8%","±2.2","6,688","±97","30.0%","±0.4","52,108","±240","31.2%","±0.1","3,899","±595","23.5%","±2.9","48,209","±622","32.1%","±0.3"
"        55 to 64 years","15,491","±62","18.3%","±0.1","1,555","±277","19.2%","±3.0","13,936","±284","18.2%","±0.3","11,108","±33","20.2%","±0.1","1,323","±209","21.8%","±3.2","9,785","±209","20.0%","±0.4","42,896","±165","17.9%","±0.1","2,704","±420","15.7%","±2.2","40,192","±482","18.1%","±0.2","5,078","±58","20.6%","±0.2","586","±147","22.3%","±4.8","4,492","±162","20.4%","±0.7","9,231","±53","20.3%","±0.1","722","±160","17.0%","±3.4","8,509","±170","20.6%","±0.4","19,214","±97","19.5%","±0.1","2,063","±310","21.0%","±2.6","17,151","±316","19.3%","±0.3","6,551","±99","20.0%","±0.3","438","±141","15.4%","±4.6","6,113","±166","20.4%","±0.5","5,798","±56","20.3%","±0.2","677","±155","20.2%","±3.9","5,121","±159","20.3%","±0.5","10,300","±60","21.9%","±0.1","1,045","±186","22.8%","±3.3","9,255","±189","21.8%","±0.4","22,911","±94","18.5%","±0.1","2,294","±262","21.0%","±2.2","20,617","±255","18.2%","±0.2","3,070","±33","22.0%","±0.2","283","±80","18.3%","±4.4","2,787","±88","22.4%","±0.6","5,863","±75","20.2%","±0.3","688","±163","19.9%","±3.9","5,175","±172","20.3%","±0.6","8,307","±58","20.3%","±0.1","1,051","±256","23.6%","±4.9","7,256","±247","19.9%","±0.6","6,494","±48","20.1%","±0.2","585","±121","20.3%","±3.7","5,909","±125","20.1%","±0.4","5,282","±39","20.9%","±0.2","673","±102","22.4%","±2.9","4,609","±107","20.7%","±0.4","33,137","±167","19.9%","±0.1","3,114","±402","18.8%","±2.1","30,023","±444","20.0%","±0.3"
"        65 to 74 years","11,258","±80","13.3%","±0.1","2,305","±226","28.4%","±2.6","8,953","±232","11.7%","±0.3","9,233","±54","16.8%","±0.1","1,944","±243","32.1%","±3.6","7,289","±239","14.9%","±0.5","32,218","±173","13.5%","±0.1","4,558","±453","26.5%","±2.5","27,660","±489","12.5%","±0.2","3,984","±58","16.2%","±0.2","789","±138","30.1%","±4.3","3,195","±126","14.5%","±0.5","8,382","±62","18.4%","±0.1","1,495","±233","35.3%","±4.4","6,887","±245","16.7%","±0.5","14,300","±104","14.5%","±0.1","2,503","±263","25.4%","±2.3","11,797","±285","13.3%","±0.3","5,869","±25","17.9%","±0.1","890","±151","31.4%","±4.2","4,979","±158","16.6%","±0.4","5,615","±37","19.6%","±0.1","897","±113","26.7%","±3.4","4,718","±123","18.7%","±0.5","7,477","±66","15.9%","±0.1","1,353","±178","29.5%","±3.1","6,124","±166","14.4%","±0.3","16,634","±82","13.4%","±0.1","2,918","±292","26.8%","±2.4","13,716","±312","12.1%","±0.3","2,730","±44","19.5%","±0.3","531","±82","34.4%","±4.7","2,199","±91","17.7%","±0.6","4,783","±85","16.5%","±0.3","1,093","±163","31.7%","±4.1","3,690","±182","14.5%","±0.7","6,663","±121","16.3%","±0.3","1,387","±202","31.2%","±4.3","5,276","±195","14.5%","±0.5","5,698","±51","17.6%","±0.2","935","±141","32.4%","±4.1","4,763","±131","16.2%","±0.4","4,635","±37","18.3%","±0.1","889","±101","29.6%","±2.9","3,746","±96","16.8%","±0.4","24,987","±199","15.0%","±0.1","4,317","±374","26.1%","±2.1","20,670","±410","13.8%","±0.2"
"        75 years and over","7,796","±51","9.2%","±0.1","1,691","±275","20.8%","±2.9","6,105","±276","8.0%","±0.3","7,020","±52","12.8%","±0.1","1,481","±153","24.4%","±2.3","5,539","±161","11.3%","±0.3","22,138","±181","9.3%","±0.1","5,072","±412","29.5%","±2.2","17,066","±459","7.7%","±0.2","2,597","±20","10.6%","±0.1","800","±95","30.5%","±3.3","1,797","±96","8.2%","±0.4","5,331","±51","11.7%","±0.1","1,204","±174","28.4%","±3.5","4,127","±170","10.0%","±0.4","9,968","±81","10.1%","±0.1","2,705","±257","27.5%","±2.2","7,263","±271","8.2%","±0.3","4,071","±52","12.4%","±0.2","964","±130","34.0%","±4.2","3,107","±141","10.4%","±0.4","3,940","±32","13.8%","±0.1","1,037","±135","30.9%","±3.9","2,903","±140","11.5%","±0.5","5,086","±52","10.8%","±0.1","1,321","±164","28.8%","±3.6","3,765","±169","8.9%","±0.4","11,421","±58","9.2%","±0.1","2,473","±255","22.7%","±2.5","8,948","±256","7.9%","±0.2","1,723","±46","12.3%","±0.3","404","±56","26.2%","±3.3","1,319","±71","10.6%","±0.5","3,243","±26","11.2%","±0.1","885","±109","25.7%","±3.1","2,358","±111","9.2%","±0.4","4,193","±54","10.2%","±0.1","837","±153","18.8%","±3.1","3,356","±167","9.2%","±0.4","3,255","±36","10.1%","±0.1","849","±89","29.4%","±2.9","2,406","±88","8.2%","±0.3","3,060","±27","12.1%","±0.1","860","±66","28.6%","±2.0","2,200","±75","9.9%","±0.3","17,259","±103","10.3%","±0.1","4,112","±364","24.8%","±2.2","13,147","±364","8.8%","±0.2"
"    RACE AND HISPANIC OR LATINO ORIGIN","","","","","","","","","","","","","","","","","","","","","","","","","","","","","","","","","","","","","","","","","","","","","","","","","","","","","","","","","","","","","","","","","","","","","","","","","","","","","","","","","","","","","","","","","","","","","","","","","","","","","","","","","","","","","","","","","","","","","","","","","","","","","","","","","","","","","","","","","","","","","","","","","","","","","","","","","","","","","","","","","","","","","","","","","","","","","","","","","","","","","","","","","","","","","","","",""
"        White alone","78,952","±206","93.4%","±0.2","7,741","±576","95.4%","±1.4","71,211","±586","93.2%","±0.2","52,445","±164","95.3%","±0.3","5,932","±360","97.8%","±0.8","46,513","±390","95.0%","±0.4","220,243","±882","92.2%","±0.3","16,485","±879","95.9%","±1.0","203,758","±1,138","91.9%","±0.4","23,721","±82","96.4%","±0.4","2,521","±237","96.1%","±2.0","21,200","±247","96.4%","±0.5","43,591","±125","95.8%","±0.3","4,074","±397","96.1%","±1.3","39,517","±404","95.8%","±0.3","94,728","±183","96.1%","±0.2","9,597","±623","97.6%","±1.1","85,131","±635","96.0%","±0.2","31,530","±93","96.3%","±0.3","2,755","±314","97.1%","±1.9","28,775","±344","96.2%","±0.4","27,486","±249","96.1%","±0.9","3,297","±262","98.2%","±1.2","24,189","±319","95.8%","±1.0","45,390","±174","96.3%","±0.4","4,520","±359","98.5%","±1.0","40,870","±439","96.1%","±0.4","117,548","±179","94.9%","±0.1","10,443","±579","95.8%","±1.1","107,105","±632","94.8%","±0.2","13,415","±62","95.9%","±0.6","1,501","±171","97.2%","±1.7","11,914","±193","95.8%","±0.6","27,805","±178","96.0%","±0.6","3,411","±334","98.9%","±0.8","24,394","±374","95.6%","±0.7","39,646","±95","96.9%","±0.2","4,270","±444","96.0%","±2.2","35,376","±459","97.0%","±0.3","31,211","±156","96.5%","±0.5","2,808","±216","97.3%","±1.5","28,403","±257","96.5%","±0.6","23,250","±108","91.9%","±0.4","2,819","±168","93.9%","±1.5","20,431","±210","91.6%","±0.5","158,863","±904","95.2%","±0.5","16,100","±945","97.2%","±1.3","142,763","±1,246","95.0%","±0.6"
"        Black or African American alone","1,462","±247","1.7%","±0.3","50","±36","0.6%","±0.4","1,412","±245","1.8%","±0.3","512","±72","0.9%","±0.1","27","±26","0.4%","±0.4","485","±75","1.0%","±0.2","5,728","±305","2.4%","±0.1","181","±110","1.1%","±0.6","5,547","±318","2.5%","±0.1","78","±49","0.3%","±0.2","25","±30","1.0%","±1.1","53","±49","0.2%","±0.2","279","±72","0.6%","±0.2","16","±16","0.4%","±0.4","263","±71","0.6%","±0.2","713","±112","0.7%","±0.1","62","±59","0.6%","±0.6","651","±127","0.7%","±0.1","175","±64","0.5%","±0.2","33","±41","1.2%","±1.5","142","±60","0.5%","±0.2","139","±56","0.5%","±0.2","0","±23","0.0%","±0.8","139","±56","0.6%","±0.2","166","±39","0.4%","±0.1","0","±26","0.0%","±0.6","166","±39","0.4%","±0.1","1,075","±167","0.9%","±0.1","35","±31","0.3%","±0.3","1,040","±168","0.9%","±0.1","115","±22","0.8%","±0.2","6","±7","0.4%","±0.5","109","±24","0.9%","±0.2","191","±75","0.7%","±0.3","7","±11","0.2%","±0.3","184","±75","0.7%","±0.3","240","±51","0.6%","±0.1","101","±87","2.3%","±1.9","139","±75","0.4%","±0.2","118","±50","0.4%","±0.2","38","±41","1.3%","±1.4","80","±41","0.3%","±0.1","193","±112","0.8%","±0.4","11","±15","0.4%","±0.5","182","±114","0.8%","±0.5","1,380","±224","0.8%","±0.1","109","±67","0.7%","±0.4","1,271","±228","0.8%","±0.2"
"        American Indian and Alaska Native alone","124","±62","0.1%","±0.1","28","±33","0.3%","±0.4","96","±52","0.1%","±0.1","853","±87","1.6%","±0.2","83","±36","1.4%","±0.6","770","±73","1.6%","±0.2","716","±219","0.3%","±0.1","47","±51","0.3%","±0.3","669","±219","0.3%","±0.1","19","±25","0.1%","±0.1","17","±25","0.6%","±0.9","2","±4","0.0%","±0.1","224","±65","0.5%","±0.1","108","±58","2.5%","±1.4","116","±43","0.3%","±0.1","443","±122","0.4%","±0.1","20","±21","0.2%","±0.2","423","±125","0.5%","±0.1","136","±66","0.4%","±0.2","0","±23","0.0%","±1.0","136","±66","0.5%","±0.2","134","±58","0.5%","±0.2","33","±32","1.0%","±1.0","101","±57","0.4%","±0.2","158","±78","0.3%","±0.2","1","±3","0.0%","±0.1","157","±78","0.4%","±0.2","1,412","±181","1.1%","±0.1","101","±50","0.9%","±0.4","1,311","±183","1.2%","±0.2","32","±38","0.2%","±0.3","0","±17","0.0%","±1.8","32","±38","0.3%","±0.3","122","±52","0.4%","±0.2","10","±16","0.3%","±0.5","112","±55","0.4%","±0.2","143","±69","0.3%","±0.2","22","±18","0.5%","±0.4","121","±68","0.3%","±0.2","149","±41","0.5%","±0.1","12","±11","0.4%","±0.4","137","±43","0.5%","±0.1","1,142","±61","4.5%","±0.2","84","±26","2.8%","±0.8","1,058","±65","4.7%","±0.3","577","±199","0.3%","±0.1","22","±25","0.1%","±0.2","555","±199","0.4%","±0.1"
"        Asian alone","787","±123","0.9%","±0.1","23","±27","0.3%","±0.3","764","±126","1.0%","±0.2","191","±38","0.3%","±0.1","6","±13","0.1%","±0.2","185","±38","0.4%","±0.1","5,392","±278","2.3%","±0.1","30","±40","0.2%","±0.2","5,362","±282","2.4%","±0.1","142","±44","0.6%","±0.2","9","±15","0.3%","±0.6","133","±44","0.6%","±0.2","608","±105","1.3%","±0.2","0","±26","0.0%","±0.6","608","±105","1.5%","±0.3","850","±104","0.9%","±0.1","0","±26","0.0%","±0.3","850","±104","1.0%","±0.1","184","±55","0.6%","±0.2","0","±23","0.0%","±1.0","184","±55","0.6%","±0.2","201","±45","0.7%","±0.2","0","±23","0.0%","±0.8","201","±45","0.8%","±0.2","267","±70","0.6%","±0.1","0","±26","0.0%","±0.6","267","±70","0.6%","±0.2","1,011","±187","0.8%","±0.2","35","±30","0.3%","±0.3","976","±184","0.9%","±0.2","101","±59","0.7%","±0.4","3","±8","0.2%","±0.5","98","±59","0.8%","±0.5","246","±65","0.8%","±0.2","15","±16","0.4%","±0.5","231","±66","0.9%","±0.3","242","±34","0.6%","±0.1","0","±26","0.0%","±0.6","242","±34","0.7%","±0.1","132","±31","0.4%","±0.1","0","±23","0.0%","±0.9","132","±31","0.4%","±0.1","95","±23","0.4%","±0.1","0","±23","0.0%","±0.9","95","±23","0.4%","±0.1","1,873","±190","1.1%","±0.1","45","±44","0.3%","±0.3","1,828","±186","1.2%","±0.1"
"        Native Hawaiian and Other Pacific Islander alone","0","±26","0.0%","±0.1","0","±26","0.0%","±0.3","0","±26","0.0%","±0.1","25","±18","0.0%","±0.1","0","±26","0.0%","±0.5","25","±18","0.1%","±0.1","28","±33","0.0%","±0.1","0","±26","0.0%","±0.2","28","±33","0.0%","±0.1","7","±10","0.0%","±0.1","0","±20","0.0%","±1.0","7","±10","0.0%","±0.1","8","±14","0.0%","±0.1","0","±26","0.0%","±0.6","8","±14","0.0%","±0.1","56","±44","0.1%","±0.1","0","±26","0.0%","±0.3","56","±44","0.1%","±0.1","5","±7","0.0%","±0.1","0","±23","0.0%","±1.0","5","±7","0.0%","±0.1","0","±23","0.0%","±0.1","0","±23","0.0%","±0.8","0","±23","0.0%","±0.1","3","±5","0.0%","±0.1","3","±5","0.1%","±0.1","0","±26","0.0%","±0.1","6","±9","0.0%","±0.1","0","±26","0.0%","±0.3","6","±9","0.0%","±0.1","0","±17","0.0%","±0.2","0","±17","0.0%","±1.8","0","±17","0.0%","±0.2","0","±23","0.0%","±0.1","0","±23","0.0%","±0.8","0","±23","0.0%","±0.1","0","±26","0.0%","±0.1","0","±26","0.0%","±0.6","0","±26","0.0%","±0.1","0","±23","0.0%","±0.1","0","±23","0.0%","±0.9","0","±23","0.0%","±0.1","6","±5","0.0%","±0.1","0","±23","0.0%","±0.9","6","±5","0.0%","±0.1","27","±28","0.0%","±0.1","0","±26","0.0%","±0.2","27","±28","0.0%","±0.1"
"        Some other race alone","206","±154","0.2%","±0.2","48","±60","0.6%","±0.7","158","±101","0.2%","±0.1","164","±98","0.3%","±0.2","0","±26","0.0%","±0.5","164","±98","0.3%","±0.2","1,224","±645","0.5%","±0.3","40","±32","0.2%","±0.2","1,184","±646","0.5%","±0.3","102","±60","0.4%","±0.2","35","±35","1.3%","±1.4","67","±43","0.3%","±0.2","85","±71","0.2%","±0.2","8","±10","0.2%","±0.2","77","±70","0.2%","±0.2","155","±83","0.2%","±0.1","0","±26","0.0%","±0.3","155","±83","0.2%","±0.1","108","±79","0.3%","±0.2","3","±5","0.1%","±0.2","105","±79","0.4%","±0.3","79","±44","0.3%","±0.2","0","±23","0.0%","±0.8","79","±44","0.3%","±0.2","65","±61","0.1%","±0.1","4","±5","0.1%","±0.1","61","±60","0.1%","±0.1","410","±128","0.3%","±0.1","9","±14","0.1%","±0.1","401","±126","0.4%","±0.1","78","±53","0.6%","±0.4","8","±11","0.5%","±0.7","70","±54","0.6%","±0.4","60","±63","0.2%","±0.2","0","±23","0.0%","±0.8","60","±63","0.2%","±0.2","55","±47","0.1%","±0.1","4","±5","0.1%","±0.1","51","±47","0.1%","±0.1","126","±109","0.4%","±0.3","0","±23","0.0%","±0.9","126","±109","0.4%","±0.4","123","±56","0.5%","±0.2","24","±23","0.8%","±0.8","99","±45","0.4%","±0.2","391","±161","0.2%","±0.1","21","±36","0.1%","±0.2","370","±150","0.2%","±0.1"
"        Two or more races","3,017","±361","3.6%","±0.4","228","±86","2.8%","±1.1","2,789","±350","3.6%","±0.5","813","±178","1.5%","±0.3","15","±10","0.2%","±0.2","798","±178","1.6%","±0.4","5,670","±824","2.4%","±0.3","411","±156","2.4%","±0.9","5,259","±771","2.4%","±0.3","541","±113","2.2%","±0.5","15","±17","0.6%","±0.6","526","±112","2.4%","±0.5","712","±143","1.6%","±0.3","35","±39","0.8%","±0.9","677","±137","1.6%","±0.3","1,577","±211","1.6%","±0.2","157","±91","1.6%","±0.9","1,420","±191","1.6%","±0.2","619","±164","1.9%","±0.5","45","±33","1.6%","±1.2","574","±163","1.9%","±0.5","556","±253","1.9%","±0.9","27","±29","0.8%","±0.9","529","±247","2.1%","±1.0","1,079","±210","2.3%","±0.4","62","±43","1.4%","±0.9","1,017","±201","2.4%","±0.5","2,435","±315","2.0%","±0.3","281","±102","2.6%","±0.9","2,154","±319","1.9%","±0.3","242","±95","1.7%","±0.7","26","±23","1.7%","±1.5","216","±91","1.7%","±0.7","548","±189","1.9%","±0.7","7","±9","0.2%","±0.3","541","±190","2.1%","±0.7","594","±107","1.5%","±0.3","52","±42","1.2%","±1.0","542","±110","1.5%","±0.3","594","±131","1.8%","±0.4","28","±23","1.0%","±0.8","566","±129","1.9%","±0.4","491","±80","1.9%","±0.3","65","±33","2.2%","±1.1","426","±84","1.9%","±0.4","3,686","±903","2.2%","±0.5","262","±187","1.6%","±1.1","3,424","±866","2.3%","±0.6"
"        Hispanic or Latino (of any race)","1,324","±3","1.6%","±0.1","79","±71","1.0%","±0.9","1,245","±72","1.6%","±0.1","582","±7","1.1%","±0.1","56","±27","0.9%","±0.4","526","±27","1.1%","±0.1","4,456","±92","1.9%","±0.1","284","±102","1.7%","±0.6","4,172","±155","1.9%","±0.1","295","±2","1.2%","±0.1","42","±42","1.6%","±1.6","253","±42","1.2%","±0.2","579","±4","1.3%","±0.1","12","±10","0.3%","±0.2","567","±12","1.4%","±0.1","1,244","±77","1.3%","±0.1","92","±60","0.9%","±0.6","1,152","±82","1.3%","±0.1","441","±96","1.3%","±0.3","7","±8","0.2%","±0.3","434","±94","1.5%","±0.3","304","±7","1.1%","±0.1","3","±5","0.1%","±0.2","301","±10","1.2%","±0.1","520","±3","1.1%","±0.1","29","±19","0.6%","±0.4","491","±19","1.2%","±0.1","1,488","±25","1.2%","±0.1","151","±69","1.4%","±0.6","1,337","±70","1.2%","±0.1","176","±2","1.3%","±0.1","13","±14","0.8%","±0.9","163","±13","1.3%","±0.1","446","±4","1.5%","±0.1","14","±18","0.4%","±0.5","432","±18","1.7%","±0.1","386","±4","0.9%","±0.1","10","±8","0.2%","±0.2","376","±10","1.0%","±0.1","464","±7","1.4%","±0.1","3","±4","0.1%","±0.2","461","±9","1.6%","±0.1","474","±5","1.9%","±0.1","41","±25","1.4%","±0.8","433","±25","1.9%","±0.1","2,435","±122","1.5%","±0.1","139","±74","0.8%","±0.4","2,296","±138","1.5%","±0.1"
"        White alone, not Hispanic or Latino","78,363","±132","92.7%","±0.2","7,715","±574","95.0%","±1.5","70,648","±577","92.4%","±0.2","52,085","±142","94.7%","±0.3","5,887","±359","97.1%","±0.8","46,198","±395","94.4%","±0.3","217,362","±851","90.9%","±0.3","16,324","±865","94.9%","±1.0","201,038","±1,077","90.6%","±0.4","23,619","±57","96.0%","±0.3","2,512","±237","95.8%","±2.1","21,107","±247","96.0%","±0.4","43,207","±79","94.9%","±0.2","4,069","±397","95.9%","±1.3","39,138","±390","94.8%","±0.2","93,877","±60","95.3%","±0.1","9,563","±620","97.2%","±1.1","84,314","±616","95.1%","±0.2","31,290","±67","95.5%","±0.4","2,751","±315","97.0%","±1.9","28,539","±336","95.4%","±0.5","27,267","±240","95.4%","±0.8","3,294","±262","98.1%","±1.2","23,973","±314","95.0%","±0.9","45,013","±126","95.5%","±0.3","4,499","±361","98.0%","±1.0","40,514","±406","95.2%","±0.4","116,749","±142","94.2%","±0.1","10,299","±569","94.5%","±1.2","106,450","±603","94.2%","±0.1","13,321","±38","95.3%","±0.5","1,496","±172","96.9%","±1.8","11,825","±174","95.1%","±0.5","27,424","±164","94.7%","±0.6","3,397","±336","98.5%","±0.9","24,027","±379","94.1%","±0.7","39,389","±74","96.3%","±0.2","4,266","±444","95.9%","±2.2","35,123","±455","96.3%","±0.3","30,844","±140","95.4%","±0.4","2,808","±216","97.3%","±1.5","28,036","±248","95.2%","±0.5","23,067","±51","91.2%","±0.2","2,793","±171","93.0%","±1.6","20,274","±186","90.9%","±0.2","157,195","±873","94.2%","±0.5","16,009","±942","96.7%","±1.3","141,186","±1,204","94.0%","±0.6"
"MEDIAN INCOME IN THE PAST 12 MONTHS (IN 2020 INFLATION-ADJUSTED DOLLARS)","","","","","","","","","","","","","","","","","","","","","","","","","","","","","","","","","","","","","","","","","","","","","","","","","","","","","","","","","","","","","","","","","","","","","","","","","","","","","","","","","","","","","","","","","","","","","","","","","","","","","","","","","","","","","","","","","","","","","","","","","","","","","","","","","","","","","","","","","","","","","","","","","","","","","","","","","","","","","","","","","","","","","","","","","","","","","","","","","","","","","","","","","","","","","","","",""
"    Civilian population 18 years and over with income","30,855","±676","(X)","(X)","40,285","±2,988","(X)","(X)","30,135","±785","(X)","(X)","24,781","±1,007","(X)","(X)","33,157","±2,317","(X)","(X)","23,486","±1,121","(X)","(X)","38,207","±935","(X)","(X)","43,945","±2,545","(X)","(X)","37,621","±961","(X)","(X)","27,053","±1,270","(X)","(X)","37,917","±4,332","(X)","(X)","26,319","±1,258","(X)","(X)","31,567","±914","(X)","(X)","40,833","±4,968","(X)","(X)","30,878","±939","(X)","(X)","30,598","±743","(X)","(X)","39,143","±3,735","(X)","(X)","29,781","±926","(X)","(X)","31,104","±1,029","(X)","(X)","42,351","±5,585","(X)","(X)","30,477","±1,134","(X)","(X)","32,381","±1,386","(X)","(X)","44,170","±2,939","(X)","(X)","30,755","±1,323","(X)","(X)","25,925","±841","(X)","(X)","33,780","±2,139","(X)","(X)","25,180","±1,081","(X)","(X)","27,535","±898","(X)","(X)","36,950","±2,361","(X)","(X)","26,672","±694","(X)","(X)","23,677","±1,229","(X)","(X)","33,504","±3,944","(X)","(X)","22,612","±1,262","(X)","(X)","37,450","±1,940","(X)","(X)","43,814","±4,171","(X)","(X)","36,535","±1,982","(X)","(X)","24,666","±998","(X)","(X)","32,394","±2,949","(X)","(X)","23,641","±1,213","(X)","(X)","30,458","±1,261","(X)","(X)","40,810","±3,844","(X)","(X)","29,550","±1,681","(X)","(X)","25,070","±884","(X)","(X)","37,639","±2,625","(X)","(X)","23,176","±1,207","(X)","(X)","34,762","±829","(X)","(X)","43,622","±1,695","(X)","(X)","33,835","±883","(X)","(X)"
"        Male","(X)","(X)","(X)","(X)","41,198","±3,359","(X)","(X)","35,155","±1,254","(X)","(X)","(X)","(X)","(X)","(X)","33,624","±2,725","(X)","(X)","29,454","±1,715","(X)","(X)","(X)","(X)","(X)","(X)","44,136","±2,638","(X)","(X)","45,300","±1,380","(X)","(X)","(X)","(X)","(X)","(X)","37,844","±4,733","(X)","(X)","32,897","±2,188","(X)","(X)","(X)","(X)","(X)","(X)","42,295","±4,776","(X)","(X)","39,286","±2,150","(X)","(X)","(X)","(X)","(X)","(X)","39,787","±3,023","(X)","(X)","36,029","±1,322","(X)","(X)","(X)","(X)","(X)","(X)","43,011","±5,267","(X)","(X)","37,926","±2,696","(X)","(X)","(X)","(X)","(X)","(X)","44,309","±2,734","(X)","(X)","38,627","±2,612","(X)","(X)","(X)","(X)","(X)","(X)","34,360","±2,047","(X)","(X)","30,547","±1,729","(X)","(X)","(X)","(X)","(X)","(X)","36,698","±2,477","(X)","(X)","31,590","±1,060","(X)","(X)","(X)","(X)","(X)","(X)","33,214","±4,888","(X)","(X)","28,607","±3,816","(X)","(X)","(X)","(X)","(X)","(X)","44,081","±4,425","(X)","(X)","42,771","±3,610","(X)","(X)","(X)","(X)","(X)","(X)","32,859","±3,158","(X)","(X)","30,230","±1,326","(X)","(X)","(X)","(X)","(X)","(X)","42,472","±3,546","(X)","(X)","35,189","±2,110","(X)","(X)","(X)","(X)","(X)","(X)","38,087","±2,364","(X)","(X)","31,456","±1,556","(X)","(X)","(X)","(X)","(X)","(X)","44,030","±1,871","(X)","(X)","42,726","±1,244","(X)","(X)"
"        Female","(X)","(X)","(X)","(X)","22,083","±17,423","(X)","(X)","25,805","±938","(X)","(X)","(X)","(X)","(X)","(X)","27,885","±9,350","(X)","(X)","19,327","±1,102","(X)","(X)","(X)","(X)","(X)","(X)","41,927","±4,392","(X)","(X)","32,490","±905","(X)","(X)","(X)","(X)","(X)","(X)","40,156","±19,397","(X)","(X)","20,271","±1,976","(X)","(X)","(X)","(X)","(X)","(X)","25,357","±7,769","(X)","(X)","25,858","±1,137","(X)","(X)","(X)","(X)","(X)","(X)","31,404","±16,880","(X)","(X)","25,759","±925","(X)","(X)","(X)","(X)","(X)","(X)","-","**","(X)","(X)","25,035","±2,038","(X)","(X)","(X)","(X)","(X)","(X)","36,618","±29,062","(X)","(X)","26,093","±1,433","(X)","(X)","(X)","(X)","(X)","(X)","26,333","±17,848","(X)","(X)","21,551","±728","(X)","(X)","(X)","(X)","(X)","(X)","38,558","±5,489","(X)","(X)","23,388","±956","(X)","(X)","(X)","(X)","(X)","(X)","33,988","±10,476","(X)","(X)","19,524","±1,408","(X)","(X)","(X)","(X)","(X)","(X)","41,523","±20,782","(X)","(X)","30,331","±2,292","(X)","(X)","(X)","(X)","(X)","(X)","25,938","±10,175","(X)","(X)","19,448","±1,305","(X)","(X)","(X)","(X)","(X)","(X)","21,992","±12,100","(X)","(X)","24,073","±1,778","(X)","(X)","(X)","(X)","(X)","(X)","29,432","±9,963","(X)","(X)","18,961","±1,151","(X)","(X)","(X)","(X)","(X)","(X)","37,807","±7,182","(X)","(X)","27,846","±1,233","(X)","(X)"
"EDUCATIONAL ATTAINMENT","","","","","","","","","","","","","","","","","","","","","","","","","","","","","","","","","","","","","","","","","","","","","","","","","","","","","","","","","","","","","","","","","","","","","","","","","","","","","","","","","","","","","","","","","","","","","","","","","","","","","","","","","","","","","","","","","","","","","","","","","","","","","","","","","","","","","","","","","","","","","","","","","","","","","","","","","","","","","","","","","","","","","","","","","","","","","","","","","","","","","","","","","","","","","","","",""
"    Civilian population 25 years and over","75,223","±94","(X)","(X)","8,032","±567","(X)","(X)","67,191","±579","(X)","(X)","50,050","±141","(X)","(X)","5,976","±347","(X)","(X)","44,074","±376","(X)","(X)","213,722","±261","(X)","(X)","16,943","±907","(X)","(X)","196,779","±995","(X)","(X)","21,768","±121","(X)","(X)","2,608","±245","(X)","(X)","19,160","±262","(X)","(X)","41,966","±129","(X)","(X)","4,223","±385","(X)","(X)","37,743","±399","(X)","(X)","88,248","±165","(X)","(X)","9,787","±642","(X)","(X)","78,461","±659","(X)","(X)","30,200","±69","(X)","(X)","2,824","±313","(X)","(X)","27,376","±334","(X)","(X)","26,453","±77","(X)","(X)","3,355","±264","(X)","(X)","23,098","±276","(X)","(X)","43,280","±124","(X)","(X)","4,577","±367","(X)","(X)","38,703","±358","(X)","(X)","108,104","±226","(X)","(X)","10,867","±602","(X)","(X)","97,237","±654","(X)","(X)","12,991","±49","(X)","(X)","1,544","±170","(X)","(X)","11,447","±182","(X)","(X)","26,874","±81","(X)","(X)","3,439","±338","(X)","(X)","23,435","±343","(X)","(X)","37,563","±59","(X)","(X)","4,421","±461","(X)","(X)","33,142","±478","(X)","(X)","29,462","±69","(X)","(X)","2,867","±217","(X)","(X)","26,595","±225","(X)","(X)","23,060","±65","(X)","(X)","2,994","±178","(X)","(X)","20,066","±192","(X)","(X)","151,866","±264","(X)","(X)","16,469","±954","(X)","(X)","135,397","±971","(X)","(X)"
"        Less than high school graduate","6,574","±653","8.7%","±0.9","476","±134","5.9%","±1.7","6,098","±635","9.1%","±0.9","5,108","±518","10.2%","±1.0","392","±116","6.6%","±1.9","4,716","±503","10.7%","±1.1","10,114","±771","4.7%","±0.4","644","±179","3.8%","±1.0","9,470","±751","4.8%","±0.4","1,394","±201","6.4%","±0.9","128","±54","4.9%","±2.0","1,266","±188","6.6%","±1.0","2,216","±244","5.3%","±0.6","104","±32","2.5%","±0.8","2,112","±238","5.6%","±0.6","5,968","±544","6.8%","±0.6","606","±144","6.2%","±1.6","5,362","±532","6.8%","±0.7","2,105","±374","7.0%","±1.2","121","±69","4.3%","±2.4","1,984","±363","7.2%","±1.3","1,650","±280","6.2%","±1.1","130","±84","3.9%","±2.5","1,520","±266","6.6%","±1.1","3,720","±449","8.6%","±1.0","268","±87","5.9%","±1.8","3,452","±441","8.9%","±1.1","7,694","±686","7.1%","±0.6","602","±135","5.5%","±1.2","7,092","±682","7.3%","±0.7","1,092","±172","8.4%","±1.3","126","±42","8.2%","±2.6","966","±160","8.4%","±1.4","1,478","±254","5.5%","±0.9","111","±58","3.2%","±1.7","1,367","±237","5.8%","±1.0","3,658","±391","9.7%","±1.0","246","±101","5.6%","±2.2","3,412","±369","10.3%","±1.1","2,124","±306","7.2%","±1.0","187","±76","6.5%","±2.8","1,937","±293","7.3%","±1.1","2,093","±203","9.1%","±0.9","207","±58","6.9%","±2.0","1,886","±194","9.4%","±1.0","9,502","±792","6.3%","±0.5","886","±254","5.4%","±1.5","8,616","±727","6.4%","±0.5"
"        High school graduate (includes equivalency)","26,748","±1,078","35.6%","±1.4","2,943","±327","36.6%","±3.6","23,805","±1,052","35.4%","±1.5","18,600","±597","37.2%","±1.2","1,895","±208","31.7%","±3.1","16,705","±583","37.9%","±1.3","46,202","±1,831","21.6%","±0.9","4,798","±487","28.3%","±2.8","41,404","±1,689","21.0%","±0.8","8,424","±466","38.7%","±2.1","1,011","±194","38.8%","±6.3","7,413","±495","38.7%","±2.5","13,234","±631","31.5%","±1.5","1,382","±229","32.7%","±4.6","11,852","±618","31.4%","±1.6","29,472","±1,208","33.4%","±1.4","3,380","±434","34.5%","±3.2","26,092","±1,050","33.3%","±1.4","9,626","±631","31.9%","±2.1","876","±191","31.0%","±6.0","8,750","±604","32.0%","±2.1","8,735","±515","33.0%","±1.9","1,297","±222","38.7%","±5.7","7,438","±476","32.2%","±2.0","17,744","±775","41.0%","±1.8","1,971","±247","43.1%","±4.4","15,773","±731","40.8%","±1.9","36,194","±1,314","33.5%","±1.2","3,601","±334","33.1%","±2.9","32,593","±1,245","33.5%","±1.3","5,394","±320","41.5%","±2.5","648","±110","42.0%","±5.5","4,746","±289","41.5%","±2.6","8,185","±619","30.5%","±2.3","1,038","±229","30.2%","±6.3","7,147","±565","30.5%","±2.3","15,546","±713","41.4%","±1.9","2,039","±275","46.1%","±5.1","13,507","±744","40.8%","±2.1","9,375","±589","31.8%","±2.0","1,095","±147","38.2%","±4.2","8,280","±568","31.1%","±2.2","8,754","±319","38.0%","±1.4","1,129","±132","37.7%","±3.5","7,625","±305","38.0%","±1.5","44,897","±1,739","29.6%","±1.1","5,494","±508","33.4%","±3.1","39,403","±1,795","29.1%","±1.3"
"        Some college or associate's degree","24,819","±1,033","33.0%","±1.4","3,326","±450","41.4%","±4.0","21,493","±1,009","32.0%","±1.5","16,447","±713","32.9%","±1.4","2,640","±251","44.2%","±3.3","13,807","±636","31.3%","±1.5","54,558","±1,762","25.5%","±0.8","5,403","±623","31.9%","±2.9","49,155","±1,735","25.0%","±0.9","6,223","±479","28.6%","±2.2","814","±167","31.2%","±5.6","5,409","±493","28.2%","±2.6","11,749","±636","28.0%","±1.5","1,369","±277","32.4%","±5.4","10,380","±596","27.5%","±1.5","26,981","±1,025","30.6%","±1.2","3,867","±405","39.5%","±3.3","23,114","±1,004","29.5%","±1.2","8,135","±526","26.9%","±1.7","917","±182","32.5%","±5.6","7,218","±491","26.4%","±1.8","6,510","±372","24.6%","±1.4","831","±151","24.8%","±4.2","5,679","±356","24.6%","±1.6","12,884","±710","29.8%","±1.6","1,409","±227","30.8%","±4.3","11,475","±666","29.6%","±1.7","33,314","±1,204","30.8%","±1.1","3,972","±424","36.6%","±3.0","29,342","±1,113","30.2%","±1.1","4,075","±305","31.4%","±2.3","542","±106","35.1%","±5.6","3,533","±307","30.9%","±2.6","7,180","±479","26.7%","±1.8","1,023","±203","29.7%","±4.8","6,157","±490","26.3%","±2.0","11,623","±590","30.9%","±1.6","1,363","±239","30.8%","±4.2","10,260","±579","31.0%","±1.7","8,666","±550","29.4%","±1.9","796","±125","27.8%","±4.1","7,870","±537","29.6%","±2.0","6,728","±315","29.2%","±1.4","893","±106","29.8%","±2.9","5,835","±295","29.1%","±1.5","48,612","±1,597","32.0%","±1.1","5,388","±589","32.7%","±2.9","43,224","±1,690","31.9%","±1.2"
"        Bachelor's degree or higher","17,082","±898","22.7%","±1.2","1,287","±241","16.0%","±2.9","15,795","±878","23.5%","±1.3","9,895","±576","19.8%","±1.1","1,049","±213","17.6%","±3.3","8,846","±566","20.1%","±1.2","102,848","±2,213","48.1%","±1.0","6,098","±598","36.0%","±3.0","96,750","±2,176","49.2%","±1.1","5,727","±454","26.3%","±2.1","655","±134","25.1%","±5.0","5,072","±442","26.5%","±2.3","14,767","±691","35.2%","±1.6","1,368","±212","32.4%","±4.5","13,399","±687","35.5%","±1.8","25,827","±1,310","29.3%","±1.5","1,934","±296","19.8%","±2.9","23,893","±1,271","30.5%","±1.6","10,334","±539","34.2%","±1.8","910","±192","32.2%","±5.4","9,424","±542","34.4%","±1.9","9,558","±544","36.1%","±2.1","1,097","±175","32.7%","±4.6","8,461","±524","36.6%","±2.2","8,932","±646","20.6%","±1.5","929","±181","20.3%","±3.6","8,003","±588","20.7%","±1.5","30,902","±1,363","28.6%","±1.3","2,692","±329","24.8%","±2.6","28,210","±1,305","29.0%","±1.3","2,430","±283","18.7%","±2.2","228","±72","14.8%","±4.3","2,202","±255","19.2%","±2.2","10,031","±653","37.3%","±2.4","1,267","±226","36.8%","±5.3","8,764","±575","37.4%","±2.5","6,736","±517","17.9%","±1.4","773","±222","17.5%","±4.4","5,963","±536","18.0%","±1.6","9,297","±587","31.6%","±2.0","789","±164","27.5%","±4.8","8,508","±543","32.0%","±2.0","5,485","±334","23.8%","±1.4","765","±120","25.6%","±3.8","4,720","±310","23.5%","±1.5","48,855","±1,635","32.2%","±1.1","4,701","±620","28.5%","±3.0","44,154","±1,530","32.6%","±1.1"
"EMPLOYMENT STATUS","","","","","","","","","","","","","","","","","","","","","","","","","","","","","","","","","","","","","","","","","","","","","","","","","","","","","","","","","","","","","","","","","","","","","","","","","","","","","","","","","","","","","","","","","","","","","","","","","","","","","","","","","","","","","","","","","","","","","","","","","","","","","","","","","","","","","","","","","","","","","","","","","","","","","","","","","","","","","","","","","","","","","","","","","","","","","","","","","","","","","","","","","","","","","","","",""
"    Civilian population 18 to 64 years","65,494","±66","(X)","(X)","4,122","±422","(X)","(X)","61,372","±421","(X)","(X)","38,750","±46","(X)","(X)","2,638","±291","(X)","(X)","36,112","±294","(X)","(X)","184,645","±265","(X)","(X)","7,564","±743","(X)","(X)","177,081","±857","(X)","(X)","18,029","±69","(X)","(X)","1,033","±170","(X)","(X)","16,996","±183","(X)","(X)","31,794","±96","(X)","(X)","1,542","±235","(X)","(X)","30,252","±242","(X)","(X)","74,254","±115","(X)","(X)","4,628","±466","(X)","(X)","69,626","±462","(X)","(X)","22,817","±105","(X)","(X)","982","±207","(X)","(X)","21,835","±234","(X)","(X)","19,040","±74","(X)","(X)","1,423","±238","(X)","(X)","17,617","±253","(X)","(X)","34,565","±82","(X)","(X)","1,916","±279","(X)","(X)","32,649","±284","(X)","(X)","95,842","±175","(X)","(X)","5,513","±521","(X)","(X)","90,329","±553","(X)","(X)","9,530","±69","(X)","(X)","609","±132","(X)","(X)","8,921","±139","(X)","(X)","20,946","±90","(X)","(X)","1,472","±250","(X)","(X)","19,474","±271","(X)","(X)","30,064","±117","(X)","(X)","2,225","±380","(X)","(X)","27,839","±402","(X)","(X)","23,377","±58","(X)","(X)","1,102","±163","(X)","(X)","22,275","±147","(X)","(X)","17,605","±48","(X)","(X)","1,254","±138","(X)","(X)","16,351","±148","(X)","(X)","124,551","±251","(X)","(X)","8,130","±799","(X)","(X)","116,421","±833","(X)","(X)"
"        Labor force participation rate","(X)","(X)","79.6%","±1.3","(X)","(X)","73.9%","±4.9","(X)","(X)","79.9%","±1.2","(X)","(X)","72.3%","±1.6","(X)","(X)","71.6%","±5.5","(X)","(X)","72.3%","±1.6","(X)","(X)","83.5%","±0.6","(X)","(X)","80.1%","±3.6","(X)","(X)","83.7%","±0.6","(X)","(X)","77.3%","±2.3","(X)","(X)","62.9%","±10.0","(X)","(X)","78.1%","±2.5","(X)","(X)","80.4%","±1.4","(X)","(X)","81.8%","±5.3","(X)","(X)","80.3%","±1.4","(X)","(X)","77.1%","±1.2","(X)","(X)","74.3%","±4.0","(X)","(X)","77.3%","±1.3","(X)","(X)","75.3%","±2.1","(X)","(X)","76.4%","±8.3","(X)","(X)","75.3%","±2.2","(X)","(X)","77.7%","±1.7","(X)","(X)","78.1%","±7.6","(X)","(X)","77.7%","±1.8","(X)","(X)","72.5%","±1.7","(X)","(X)","66.1%","±7.4","(X)","(X)","72.9%","±1.8","(X)","(X)","74.7%","±1.1","(X)","(X)","76.2%","±4.1","(X)","(X)","74.6%","±1.1","(X)","(X)","65.4%","±2.5","(X)","(X)","62.7%","±11.1","(X)","(X)","65.6%","±2.4","(X)","(X)","84.7%","±1.7","(X)","(X)","83.5%","±7.4","(X)","(X)","84.8%","±1.7","(X)","(X)","70.8%","±2.0","(X)","(X)","70.4%","±7.1","(X)","(X)","70.8%","±2.1","(X)","(X)","76.5%","±1.8","(X)","(X)","69.7%","±6.9","(X)","(X)","76.9%","±1.8","(X)","(X)","68.2%","±1.5","(X)","(X)","59.4%","±6.2","(X)","(X)","68.9%","±1.5","(X)","(X)","82.2%","±0.9","(X)","(X)","80.1%","±3.6","(X)","(X)","82.4%","±0.9"
"    Civilian labor force 18 to 64 years","52,113","±816","(X)","(X)","3,048","±349","(X)","(X)","49,065","±842","(X)","(X)","28,012","±615","(X)","(X)","1,890","±274","(X)","(X)","26,122","±570","(X)","(X)","154,193","±1,041","(X)","(X)","6,062","±704","(X)","(X)","148,131","±1,311","(X)","(X)","13,930","±428","(X)","(X)","650","±135","(X)","(X)","13,280","±452","(X)","(X)","25,547","±443","(X)","(X)","1,261","±225","(X)","(X)","24,286","±474","(X)","(X)","57,264","±935","(X)","(X)","3,440","±391","(X)","(X)","53,824","±950","(X)","(X)","17,188","±470","(X)","(X)","750","±203","(X)","(X)","16,438","±535","(X)","(X)","14,795","±330","(X)","(X)","1,112","±195","(X)","(X)","13,683","±353","(X)","(X)","25,064","±587","(X)","(X)","1,267","±263","(X)","(X)","23,797","±634","(X)","(X)","71,565","±1,041","(X)","(X)","4,203","±499","(X)","(X)","67,362","±1,124","(X)","(X)","6,230","±237","(X)","(X)","382","±111","(X)","(X)","5,848","±237","(X)","(X)","17,736","±365","(X)","(X)","1,229","±245","(X)","(X)","16,507","±398","(X)","(X)","21,279","±600","(X)","(X)","1,566","±348","(X)","(X)","19,713","±684","(X)","(X)","17,893","±415","(X)","(X)","768","±140","(X)","(X)","17,125","±432","(X)","(X)","12,008","±269","(X)","(X)","745","±110","(X)","(X)","11,263","±272","(X)","(X)","102,437","±1,075","(X)","(X)","6,510","±720","(X)","(X)","95,927","±1,288","(X)","(X)"
"        Unemployment rate","(X)","(X)","4.2%","±0.7","(X)","(X)","0.9%","±0.9","(X)","(X)","4.4%","±0.7","(X)","(X)","4.9%","±1.2","(X)","(X)","3.4%","±2.4","(X)","(X)","5.0%","±1.2","(X)","(X)","3.0%","±0.4","(X)","(X)","1.6%","±1.2","(X)","(X)","3.1%","±0.5","(X)","(X)","4.9%","±1.2","(X)","(X)","3.4%","±3.8","(X)","(X)","4.9%","±1.3","(X)","(X)","3.2%","±0.7","(X)","(X)","1.5%","±1.3","(X)","(X)","3.3%","±0.7","(X)","(X)","3.8%","±0.6","(X)","(X)","1.7%","±1.6","(X)","(X)","3.9%","±0.7","(X)","(X)","3.7%","±1.1","(X)","(X)","12.5%","±10.6","(X)","(X)","3.3%","±1.1","(X)","(X)","3.8%","±1.2","(X)","(X)","8.9%","±6.7","(X)","(X)","3.4%","±1.1","(X)","(X)","6.2%","±1.4","(X)","(X)","2.2%","±1.7","(X)","(X)","6.4%","±1.5","(X)","(X)","4.3%","±0.4","(X)","(X)","3.5%","±1.7","(X)","(X)","4.3%","±0.4","(X)","(X)","5.7%","±1.8","(X)","(X)","0.8%","±1.1","(X)","(X)","6.0%","±1.9","(X)","(X)","4.0%","±1.7","(X)","(X)","0.6%","±0.9","(X)","(X)","4.3%","±1.9","(X)","(X)","4.9%","±0.9","(X)","(X)","1.9%","±1.0","(X)","(X)","5.1%","±1.0","(X)","(X)","4.6%","±1.0","(X)","(X)","1.4%","±1.7","(X)","(X)","4.8%","±1.1","(X)","(X)","7.0%","±1.3","(X)","(X)","4.4%","±2.7","(X)","(X)","7.1%","±1.3","(X)","(X)","3.1%","±0.5","(X)","(X)","2.8%","±1.4","(X)","(X)","3.1%","±0.5"
"POVERTY STATUS IN THE PAST 12 MONTHS","","","","","","","","","","","","","","","","","","","","","","","","","","","","","","","","","","","","","","","","","","","","","","","","","","","","","","","","","","","","","","","","","","","","","","","","","","","","","","","","","","","","","","","","","","","","","","","","","","","","","","","","","","","","","","","","","","","","","","","","","","","","","","","","","","","","","","","","","","","","","","","","","","","","","","","","","","","","","","","","","","","","","","","","","","","","","","","","","","","","","","","","","","","","","","","",""
"    Civilian population 18 years and over for whom poverty status is determined","81,830","±380","(X)","(X)","8,035","±588","(X)","(X)","73,795","±673","(X)","(X)","53,465","±299","(X)","(X)","5,974","±362","(X)","(X)","47,491","±403","(X)","(X)","232,119","±641","(X)","(X)","16,775","±887","(X)","(X)","215,344","±1,125","(X)","(X)","23,525","±292","(X)","(X)","2,602","±247","(X)","(X)","20,923","±358","(X)","(X)","44,235","±219","(X)","(X)","4,183","±382","(X)","(X)","40,052","±437","(X)","(X)","95,399","±347","(X)","(X)","9,272","±633","(X)","(X)","86,127","±659","(X)","(X)","31,244","±205","(X)","(X)","2,746","±307","(X)","(X)","28,498","±360","(X)","(X)","28,163","±134","(X)","(X)","3,288","±262","(X)","(X)","24,875","±283","(X)","(X)","46,649","±96","(X)","(X)","4,553","±367","(X)","(X)","42,096","±371","(X)","(X)","118,274","±515","(X)","(X)","10,764","±607","(X)","(X)","107,510","±806","(X)","(X)","13,720","±127","(X)","(X)","1,538","±169","(X)","(X)","12,182","±206","(X)","(X)","28,899","±97","(X)","(X)","3,424","±333","(X)","(X)","25,475","±333","(X)","(X)","40,340","±130","(X)","(X)","4,387","±459","(X)","(X)","35,953","±480","(X)","(X)","31,811","±142","(X)","(X)","2,862","±210","(X)","(X)","28,949","±240","(X)","(X)","24,519","±169","(X)","(X)","2,919","±194","(X)","(X)","21,600","±259","(X)","(X)","164,540","±433","(X)","(X)","16,490","±945","(X)","(X)","148,050","±1,031","(X)","(X)"
"        Income in the past 12 months below poverty level","8,495","±743","10.4%","±0.9","447","±169","5.6%","±2.1","8,048","±723","10.9%","±1.0","7,238","±639","13.5%","±1.2","487","±115","8.2%","±1.9","6,751","±642","14.2%","±1.3","18,927","±1,468","8.2%","±0.6","802","±199","4.8%","±1.2","18,125","±1,437","8.4%","±0.7","2,644","±421","11.2%","±1.8","146","±81","5.6%","±3.1","2,498","±417","11.9%","±2.0","4,214","±409","9.5%","±0.9","176","±75","4.2%","±1.8","4,038","±377","10.1%","±1.0","11,056","±1,030","11.6%","±1.1","487","±144","5.3%","±1.5","10,569","±1,010","12.3%","±1.2","2,529","±378","8.1%","±1.2","164","±80","6.0%","±2.8","2,365","±357","8.3%","±1.3","2,536","±361","9.0%","±1.3","242","±117","7.4%","±3.5","2,294","±334","9.2%","±1.3","5,517","±580","11.8%","±1.2","277","±99","6.1%","±2.1","5,240","±568","12.4%","±1.4","15,149","±992","12.8%","±0.8","666","±150","6.2%","±1.3","14,483","±955","13.5%","±0.9","2,251","±267","16.4%","±2.0","85","±38","5.5%","±2.5","2,166","±259","17.8%","±2.2","2,934","±499","10.2%","±1.7","359","±126","10.5%","±3.7","2,575","±451","10.1%","±1.7","7,052","±636","17.5%","±1.6","327","±123","7.5%","±2.8","6,725","±598","18.7%","±1.7","3,778","±427","11.9%","±1.3","159","±57","5.6%","±2.0","3,619","±425","12.5%","±1.5","4,121","±342","16.8%","±1.4","259","±60","8.9%","±2.0","3,862","±338","17.9%","±1.6","11,784","±1,002","7.2%","±0.6","726","±174","4.4%","±1.1","11,058","±943","7.5%","±0.6"
"        Income in the past 12 months at or above poverty level","73,335","±849","89.6%","±0.9","7,588","±579","94.4%","±2.1","65,747","±968","89.1%","±1.0","46,227","±709","86.5%","±1.2","5,487","±347","91.8%","±1.9","40,740","±647","85.8%","±1.3","213,192","±1,498","91.8%","±0.6","15,973","±903","95.2%","±1.2","197,219","±1,749","91.6%","±0.7","20,881","±496","88.8%","±1.8","2,456","±247","94.4%","±3.1","18,425","±538","88.1%","±2.0","40,021","±472","90.5%","±0.9","4,007","±381","95.8%","±1.8","36,014","±601","89.9%","±1.0","84,343","±1,055","88.4%","±1.1","8,785","±613","94.7%","±1.5","75,558","±1,173","87.7%","±1.2","28,715","±409","91.9%","±1.2","2,582","±294","94.0%","±2.8","26,133","±512","91.7%","±1.3","25,627","±387","91.0%","±1.3","3,046","±256","92.6%","±3.5","22,581","±379","90.8%","±1.3","41,132","±572","88.2%","±1.2","4,276","±357","93.9%","±2.1","36,856","±713","87.6%","±1.4","103,125","±1,118","87.2%","±0.8","10,098","±570","93.8%","±1.3","93,027","±1,238","86.5%","±0.9","11,469","±302","83.6%","±2.0","1,453","±172","94.5%","±2.5","10,016","±336","82.2%","±2.2","25,965","±500","89.8%","±1.7","3,065","±332","89.5%","±3.7","22,900","±490","89.9%","±1.7","33,288","±628","82.5%","±1.6","4,060","±459","92.5%","±2.8","29,228","±740","81.3%","±1.7","28,033","±444","88.1%","±1.3","2,703","±208","94.4%","±2.0","25,330","±485","87.5%","±1.5","20,398","±346","83.2%","±1.4","2,660","±186","91.1%","±2.0","17,738","±399","82.1%","±1.6","152,756","±1,070","92.8%","±0.6","15,764","±941","95.6%","±1.1","136,992","±1,314","92.5%","±0.6"
"DISABILITY STATUS","","","","","","","","","","","","","","","","","","","","","","","","","","","","","","","","","","","","","","","","","","","","","","","","","","","","","","","","","","","","","","","","","","","","","","","","","","","","","","","","","","","","","","","","","","","","","","","","","","","","","","","","","","","","","","","","","","","","","","","","","","","","","","","","","","","","","","","","","","","","","","","","","","","","","","","","","","","","","","","","","","","","","","","","","","","","","","","","","","","","","","","","","","","","","","","",""
"    Civilian population 18 years and over for whom poverty status is determined","81,830","±380","(X)","(X)","8,035","±588","(X)","(X)","73,795","±673","(X)","(X)","53,465","±299","(X)","(X)","5,974","±362","(X)","(X)","47,491","±403","(X)","(X)","232,119","±641","(X)","(X)","16,775","±887","(X)","(X)","215,344","±1,125","(X)","(X)","23,525","±292","(X)","(X)","2,602","±247","(X)","(X)","20,923","±358","(X)","(X)","44,235","±219","(X)","(X)","4,183","±382","(X)","(X)","40,052","±437","(X)","(X)","95,399","±347","(X)","(X)","9,272","±633","(X)","(X)","86,127","±659","(X)","(X)","31,244","±205","(X)","(X)","2,746","±307","(X)","(X)","28,498","±360","(X)","(X)","28,163","±134","(X)","(X)","3,288","±262","(X)","(X)","24,875","±283","(X)","(X)","46,649","±96","(X)","(X)","4,553","±367","(X)","(X)","42,096","±371","(X)","(X)","118,274","±515","(X)","(X)","10,764","±607","(X)","(X)","107,510","±806","(X)","(X)","13,720","±127","(X)","(X)","1,538","±169","(X)","(X)","12,182","±206","(X)","(X)","28,899","±97","(X)","(X)","3,424","±333","(X)","(X)","25,475","±333","(X)","(X)","40,340","±130","(X)","(X)","4,387","±459","(X)","(X)","35,953","±480","(X)","(X)","31,811","±142","(X)","(X)","2,862","±210","(X)","(X)","28,949","±240","(X)","(X)","24,519","±169","(X)","(X)","2,919","±194","(X)","(X)","21,600","±259","(X)","(X)","164,540","±433","(X)","(X)","16,490","±945","(X)","(X)","148,050","±1,031","(X)","(X)"
"        With any disability","16,505","±967","20.2%","±1.2","2,415","±383","30.1%","±3.9","14,090","±933","19.1%","±1.2","13,838","±766","25.9%","±1.4","2,303","±280","38.6%","±4.2","11,535","±717","24.3%","±1.5","30,857","±1,243","13.3%","±0.5","4,327","±475","25.8%","±2.7","26,530","±1,134","12.3%","±0.5","4,060","±422","17.3%","±1.8","922","±168","35.4%","±5.8","3,138","±373","15.0%","±1.7","7,409","±468","16.7%","±1.1","1,115","±177","26.7%","±4.3","6,294","±441","15.7%","±1.1","17,983","±822","18.9%","±0.9","2,893","±347","31.2%","±3.2","15,090","±818","17.5%","±0.9","5,349","±482","17.1%","±1.5","695","±142","25.3%","±5.4","4,654","±485","16.3%","±1.7","5,272","±479","18.7%","±1.7","1,045","±203","31.8%","±5.7","4,227","±466","17.0%","±1.8","9,453","±660","20.3%","±1.4","1,351","±223","29.7%","±4.3","8,102","±642","19.2%","±1.6","24,858","±1,050","21.0%","±0.9","3,256","±367","30.2%","±3.3","21,602","±923","20.1%","±0.9","4,175","±324","30.4%","±2.3","644","±109","41.9%","±6.5","3,531","±304","29.0%","±2.4","3,888","±351","13.5%","±1.2","972","±215","28.4%","±5.6","2,916","±334","11.4%","±1.3","9,479","±654","23.5%","±1.6","1,681","±324","38.3%","±5.2","7,798","±605","21.7%","±1.6","6,086","±481","19.1%","±1.5","1,128","±156","39.4%","±4.2","4,958","±469","17.1%","±1.6","6,373","±282","26.0%","±1.1","1,238","±125","42.4%","±3.6","5,135","±256","23.8%","±1.1","28,038","±1,404","17.0%","±0.8","5,058","±653","30.7%","±3.6","22,980","±1,283","15.5%","±0.9"
"        Without a disability","65,325","±1,003","79.8%","±1.2","5,620","±477","69.9%","±3.9","59,705","±923","80.9%","±1.2","39,627","±781","74.1%","±1.4","3,671","±340","61.4%","±4.2","35,956","±737","75.7%","±1.5","201,262","±1,317","86.7%","±0.5","12,448","±860","74.2%","±2.7","188,814","±1,489","87.7%","±0.5","19,465","±502","82.7%","±1.8","1,680","±229","64.6%","±5.8","17,785","±448","85.0%","±1.7","36,826","±510","83.3%","±1.1","3,068","±376","73.3%","±4.3","33,758","±525","84.3%","±1.1","77,416","±923","81.1%","±0.9","6,379","±536","68.8%","±3.2","71,037","±942","82.5%","±0.9","25,895","±476","82.9%","±1.5","2,051","±311","74.7%","±5.4","23,844","±586","83.7%","±1.7","22,891","±481","81.3%","±1.7","2,243","±261","68.2%","±5.7","20,648","±467","83.0%","±1.8","37,196","±672","79.7%","±1.4","3,202","±330","70.3%","±4.3","33,994","±783","80.8%","±1.6","93,416","±1,154","79.0%","±0.9","7,508","±609","69.8%","±3.3","85,908","±1,180","79.9%","±0.9","9,545","±337","69.6%","±2.3","894","±157","58.1%","±6.5","8,651","±318","71.0%","±2.4","25,011","±342","86.5%","±1.2","2,452","±299","71.6%","±5.6","22,559","±381","88.6%","±1.3","30,861","±633","76.5%","±1.6","2,706","±309","61.7%","±5.2","28,155","±650","78.3%","±1.6","25,725","±463","80.9%","±1.5","1,734","±162","60.6%","±4.2","23,991","±460","82.9%","±1.6","18,146","±288","74.0%","±1.1","1,681","±164","57.6%","±3.6","16,465","±307","76.2%","±1.1","136,502","±1,391","83.0%","±0.8","11,432","±886","69.3%","±3.6","125,070","±1,569","84.5%","±0.9"