"Label (Grouping)","Androscoggin County, Maine!!Total!!Estimate","Androscoggin County, Maine!!Total!!Margin of Error","Androscoggin County, Maine!!Percent!!Estimate","Androscoggin County, Maine!!Percent!!Margin of Error","Androscoggin County, Maine!!Male!!Estimate","Androscoggin County, Maine!!Male!!Margin of Error","Androscoggin County, Maine!!Percent Male!!Estimate","Androscoggin County, Maine!!Percent Male!!Margin of Error","Androscoggin County, Maine!!Female!!Estimate","Androscoggin County, Maine!!Female!!Margin of Error","Androscoggin County, Maine!!Percent Female!!Estimate","Androscoggin County, Maine!!Percent Female!!Margin of Error","Aroostook County, Maine!!Total!!Estimate","Aroostook County, Maine!!Total!!Margin of Error","Aroostook County, Maine!!Percent!!Estimate","Aroostook County, Maine!!Percent!!Margin of Error","Aroostook County, Maine!!Male!!Estimate","Aroostook County, Maine!!Male!!Margin of Error","Aroostook County, Maine!!Percent Male!!Estimate","Aroostook County, Maine!!Percent Male!!Margin of Error","Aroostook County, Maine!!Female!!Estimate","Aroostook County, Maine!!Female!!Margin of Error","Aroostook County, Maine!!Percent Female!!Estimate","Aroostook County, Maine!!Percent Female!!Margin of Error","Cumberland County, Maine!!Total!!Estimate","Cumberland County, Maine!!Total!!Margin of Error","Cumberland County, Maine!!Percent!!Estimate","Cumberland County, Maine!!Percent!!Margin of Error","Cumberland County, Maine!!Male!!Estimate","Cumberland County, Maine!!Male!!Margin of Error","Cumberland County, Maine!!Percent Male!!Estimate","Cumberland County, Maine!!Percent Male!!Margin of Error","Cumberland County, Maine!!Female!!Estimate","Cumberland County, Maine!!Female!!Margin of Error","Cumberland County, Maine!!Percent Female!!Estimate","Cumberland County, Maine!!Percent Female!!Margin of Error","Franklin County, Maine!!Total!!Estimate","Franklin County, Maine!!Total!!Margin of Error","Franklin County, Maine!!Percent!!Estimate","Franklin County, Maine!!Percent!!Margin of Error","Franklin County, Maine!!Male!!Estimate","Franklin County, Maine!!Male!!Margin of Error","Franklin County, Maine!!Percent Male!!Estimate","Franklin County, Maine!!Percent Male!!Margin of Error","Franklin County, Maine!!Female!!Estimate","Franklin County, Maine!!Female!!Margin of Error","Franklin County, Maine!!Percent Female!!Estimate","Franklin County, Maine!!Percent Female!!Margin of Error","Hancock County, Maine!!Total!!Estimate","Hancock County, Maine!!Total!!Margin of Error","Hancock County, Maine!!Percent!!Estimate","Hancock County, Maine!!Percent!!Margin of Error","Hancock County, Maine!!Male!!Estimate","Hancock County, Maine!!Male!!Margin of Error","Hancock County, Maine!!Percent Male!!Estimate","Hancock County, Maine!!Percent Male!!Margin of Error","Hancock County, Maine!!Female!!Estimate","Hancock County, Maine!!Female!!Margin of Error","Hancock County, Maine!!Percent Female!!Estimate","Hancock County, Maine!!Percent Female!!Margin of Error","Kennebec County, Maine!!Total!!Estimate","Kennebec County, Maine!!Total!!Margin of Error","Kennebec County, Maine!!Percent!!Estimate","Kennebec County, Maine!!Percent!!Margin of Error","Kennebec County, Maine!!Male!!Estimate","Kennebec County, Maine!!Male!!Margin of Error","Kennebec County, Maine!!Percent Male!!Estimate","Kennebec County, Maine!!Percent Male!!Margin of Error","Kennebec County, Maine!!Female!!Estimate","Kennebec County, Maine!!Female!!Margin of Error","Kennebec County, Maine!!Percent Female!!Estimate","Kennebec County, Maine!!Percent Female!!Margin of Error","Knox County, Maine!!Total!!Estimate","Knox County, Maine!!Total!!Margin of Error","Knox County, Maine!!Percent!!Estimate","Knox County, Maine!!Percent!!Margin of Error","Knox County, Maine!!Male!!Estimate","Knox County, Maine!!Male!!Margin of Error","Knox County, Maine!!Percent Male!!Estimate","Knox County, Maine!!Percent Male!!Margin of Error","Knox County, Maine!!Female!!Estimate","Knox County, Maine!!Female!!Margin of Error","Knox County, Maine!!Percent Female!!Estimate","Knox County, Maine!!Percent Female!!Margin of Error","Lincoln County, Maine!!Total!!Estimate","Lincoln County, Maine!!Total!!Margin of Error","Lincoln County, Maine!!Percent!!Estimate","Lincoln County, Maine!!Percent!!Margin of Error","Lincoln County, Maine!!Male!!Estimate","Lincoln County, Maine!!Male!!Margin of Error","Lincoln County, Maine!!Percent Male!!Estimate","Lincoln County, Maine!!Percent Male!!Margin of Error","Lincoln County, Maine!!Female!!Estimate","Lincoln County, Maine!!Female!!Margin of Error","Lincoln County, Maine!!Percent Female!!Estimate","Lincoln County, Maine!!Percent Female!!Margin of Error","Oxford County, Maine!!Total!!Estimate","Oxford County, Maine!!Total!!Margin of Error","Oxford County, Maine!!Percent!!Estimate","Oxford County, Maine!!Percent!!Margin of Error","Oxford County, Maine!!Male!!Estimate","Oxford County, Maine!!Male!!Margin of Error","Oxford County, Maine!!Percent Male!!Estimate","Oxford County, Maine!!Percent Male!!Margin of Error","Oxford County, Maine!!Female!!Estimate","Oxford County, Maine!!Female!!Margin of Error","Oxford County, Maine!!Percent Female!!Estimate","Oxford County, Maine!!Percent Female!!Margin of Error","Penobscot County, Maine!!Total!!Estimate","Penobscot County, Maine!!Total!!Margin of Error","Penobscot County, Maine!!Percent!!Estimate","Penobscot County, Maine!!Percent!!Margin of Error","Penobscot County, Maine!!Male!!Estimate","Penobscot County, Maine!!Male!!Margin of Error","Penobscot County, Maine!!Percent Male!!Estimate","Penobscot County, Maine!!Percent Male!!Margin of Error","Penobscot County, Maine!!Female!!Estimate","Penobscot County, Maine!!Female!!Margin of Error","Penobscot County, Maine!!Percent Female!!Estimate","Penobscot County, Maine!!Percent Female!!Margin of Error","Piscataquis County, Maine!!Total!!Estimate","Piscataquis County, Maine!!Total!!Margin of Error","Piscataquis County, Maine!!Percent!!Estimate","Piscataquis County, Maine!!Percent!!Margin of Error","Piscataquis County, Maine!!Male!!Estimate","Piscataquis County, Maine!!Male!!Margin of Error","Piscataquis County, Maine!!Percent Male!!Estimate","Piscataquis County, Maine!!Percent Male!!Margin of Error","Piscataquis County, Maine!!Female!!Estimate","Piscataquis County, Maine!!Female!!Margin of Error","Piscataquis County, Maine!!Percent Female!!Estimate","Piscataquis County, Maine!!Percent Female!!Margin of Error","Sagadahoc County, Maine!!Total!!Estimate","Sagadahoc County, Maine!!Total!!Margin of Error","Sagadahoc County, Maine!!Percent!!Estimate","Sagadahoc County, Maine!!Percent!!Margin of Error","Sagadahoc County, Maine!!Male!!Estimate","Sagadahoc County, Maine!!Male!!Margin of Error","Sagadahoc County, Maine!!Percent Male!!Estimate","Sagadahoc County, Maine!!Percent Male!!Margin of Error","Sagadahoc County, Maine!!Female!!Estimate","Sagadahoc County, Maine!!Female!!Margin of Error","Sagadahoc County, Maine!!Percent Female!!Estimate","Sagadahoc County, Maine!!Percent Female!!Margin of Error","Somerset County, Maine!!Total!!Estimate","Somerset County, Maine!!Total!!Margin of Error","Somerset County, Maine!!Percent!!Estimate","Somerset County, Maine!!Percent!!Margin of Error","Somerset County, Maine!!Male!!Estimate","Somerset County, Maine!!Male!!Margin of Error","Somerset County, Maine!!Percent Male!!Estimate","Somerset County, Maine!!Percent Male!!Margin of Error","Somerset County, Maine!!Female!!Estimate","Somerset County, Maine!!Female!!Margin of Error","Somerset County, Maine!!Percent Female!!Estimate","Somerset County, Maine!!Percent Female!!Margin of Error","Waldo County, Maine!!Total!!Estimate","Waldo County, Maine!!Total!!Margin of Error","Waldo County, Maine!!Percent!!Estimate","Waldo County, Maine!!Percent!!Margin of Error","Waldo County, Maine!!Male!!Estimate","Waldo County, Maine!!Male!!Margin of Error","Waldo County, Maine!!Percent Male!!Estimate","Waldo County, Maine!!Percent Male!!Margin of Error","Waldo County, Maine!!Female!!Estimate","Waldo County, Maine!!Female!!Margin of Error","Waldo County, Maine!!Percent Female!!Estimate","Waldo County, Maine!!Percent Female!!Margin of Error","Washington County, Maine!!Total!!Estimate","Washington County, Maine!!Total!!Margin of Error","Washington County, Maine!!Percent!!Estimate","Washington County, Maine!!Percent!!Margin of Error","Washington County, Maine!!Male!!Estimate","Washington County, Maine!!Male!!Margin of Error","Washington County, Maine!!Percent Male!!Estimate","Washington County, Maine!!Percent Male!!Margin of Error","Washington County, Maine!!Female!!Estimate","Washington County, Maine!!Female!!Margin of Error","Washington County, Maine!!Percent Female!!Estimate","Washington County, Maine!!Percent Female!!Margin of Error","York County, Maine!!Total!!Estimate","York County, Maine!!Total!!Margin of Error","York County, Maine!!Percent!!Estimate","York County, Maine!!Percent!!Margin of Error","York County, Maine!!Male!!Estimate","York County, Maine!!Male!!Margin of Error","York County, Maine!!Percent Male!!Estimate","York County, Maine!!Percent Male!!Margin of Error","York County, Maine!!Female!!Estimate","York County, Maine!!Female!!Margin of Error","York County, Maine!!Percent Female!!Estimate","York County, Maine!!Percent Female!!Margin of Error"
"Total population","107,958","*****","(X)","(X)","52,838","±133","(X)","(X)","55,120","±133","(X)","(X)","67,431","*****","(X)","(X)","33,393","±99","(X)","(X)","34,038","±99","(X)","(X)","294,520","*****","(X)","(X)","142,952","±87","(X)","(X)","151,568","±87","(X)","(X)","29,933","*****","(X)","(X)","14,611","±99","(X)","(X)","15,322","±99","(X)","(X)","54,832","*****","(X)","(X)","26,500","±138","(X)","(X)","28,332","±138","(X)","(X)","122,158","*****","(X)","(X)","59,599","±125","(X)","(X)","62,559","±125","(X)","(X)","39,809","*****","(X)","(X)","19,908","±168","(X)","(X)","19,901","±168","(X)","(X)","34,415","*****","(X)","(X)","16,871","±66","(X)","(X)","17,544","±66","(X)","(X)","57,741","*****","(X)","(X)","28,483","±100","(X)","(X)","29,258","±100","(X)","(X)","151,696","*****","(X)","(X)","75,233","±111","(X)","(X)","76,463","±111","(X)","(X)","16,864","*****","(X)","(X)","8,467","±93","(X)","(X)","8,397","±93","(X)","(X)","35,720","*****","(X)","(X)","17,494","±123","(X)","(X)","18,226","±123","(X)","(X)","50,573","*****","(X)","(X)","25,062","±114","(X)","(X)","25,511","±114","(X)","(X)","39,723","*****","(X)","(X)","19,461","±74","(X)","(X)","20,262","±74","(X)","(X)","31,378","*****","(X)","(X)","15,392","±51","(X)","(X)","15,986","±51","(X)","(X)","206,074","*****","(X)","(X)","100,364","±187","(X)","(X)","105,710","±187","(X)","(X)"
"    AGE","","","","","","","","","","","","","","","","","","","","","","","","","","","","","","","","","","","","","","","","","","","","","","","","","","","","","","","","","","","","","","","","","","","","","","","","","","","","","","","","","","","","","","","","","","","","","","","","","","","","","","","","","","","","","","","","","","","","","","","","","","","","","","","","","","","","","","","","","","","","","","","","","","","","","","","","","","","","","","","","","","","","","","","","","","","","","","","","","","","","","","","","","","","","","","","",""
"        Under 5 years","6,400","±51","5.9%","±0.1","3,279","±69","6.2%","±0.1","3,121","±73","5.7%","±0.1","3,313","±38","4.9%","±0.1","1,746","±75","5.2%","±0.2","1,567","±67","4.6%","±0.2","14,172","±48","4.8%","±0.1","7,351","±36","5.1%","±0.1","6,821","±22","4.5%","±0.1","1,382","±42","4.6%","±0.1","684","±24","4.7%","±0.2","698","±47","4.6%","±0.3","2,329","±68","4.2%","±0.1","1,162","±48","4.4%","±0.2","1,167","±71","4.1%","±0.2","5,808","±71","4.8%","±0.1","2,966","±59","5.0%","±0.1","2,842","±64","4.5%","±0.1","1,660","±44","4.2%","±0.1","861","±21","4.3%","±0.1","799","±36","4.0%","±0.2","1,438","±38","4.2%","±0.1","731","±28","4.3%","±0.2","707","±32","4.0%","±0.2","2,561","±69","4.4%","±0.1","1,347","±64","4.7%","±0.2","1,214","±30","4.1%","±0.1","7,039","±96","4.6%","±0.1","3,648","±108","4.8%","±0.1","3,391","±79","4.4%","±0.1","751","±50","4.5%","±0.3","393","±43","4.6%","±0.5","358","±23","4.3%","±0.3","1,857","±89","5.2%","±0.2","1,000","±87","5.7%","±0.5","857","±52","4.7%","±0.3","2,353","±100","4.7%","±0.2","1,170","±44","4.7%","±0.2","1,183","±81","4.6%","±0.3","1,822","±58","4.6%","±0.1","951","±51","4.9%","±0.3","871","±29","4.3%","±0.1","1,513","±32","4.8%","±0.1","797","±35","5.2%","±0.2","716","±21","4.5%","±0.1","9,590","±63","4.7%","±0.1","4,991","±116","5.0%","±0.1","4,599","±92","4.4%","±0.1"
"        5 to 9 years","6,417","±454","5.9%","±0.4","3,239","±349","6.1%","±0.7","3,178","±321","5.8%","±0.6","3,437","±274","5.1%","±0.4","1,688","±177","5.1%","±0.5","1,749","±161","5.1%","±0.5","15,196","±751","5.2%","±0.3","8,057","±497","5.6%","±0.3","7,139","±483","4.7%","±0.3","1,429","±191","4.8%","±0.6","614","±130","4.2%","±0.9","815","±134","5.3%","±0.9","2,735","±233","5.0%","±0.4","1,395","±154","5.3%","±0.6","1,340","±182","4.7%","±0.6","6,543","±385","5.4%","±0.3","3,465","±277","5.8%","±0.5","3,078","±248","4.9%","±0.4","1,903","±191","4.8%","±0.5","897","±133","4.5%","±0.7","1,006","±133","5.1%","±0.7","1,858","±171","5.4%","±0.5","1,011","±133","6.0%","±0.8","847","±122","4.8%","±0.7","2,888","±259","5.0%","±0.4","1,668","±188","5.9%","±0.7","1,220","±198","4.2%","±0.7","7,698","±492","5.1%","±0.3","3,898","±355","5.2%","±0.5","3,800","±300","5.0%","±0.4","835","±103","5.0%","±0.6","423","±62","5.0%","±0.7","412","±88","4.9%","±1.0","1,819","±249","5.1%","±0.7","964","±160","5.5%","±0.9","855","±175","4.7%","±1.0","2,764","±273","5.5%","±0.5","1,365","±159","5.4%","±0.6","1,399","±214","5.5%","±0.8","1,979","±203","5.0%","±0.5","965","±137","5.0%","±0.7","1,014","±117","5.0%","±0.6","1,563","±132","5.0%","±0.4","927","±84","6.0%","±0.5","636","±90","4.0%","±0.6","9,984","±558","4.8%","±0.3","4,852","±408","4.8%","±0.4","5,132","±407","4.9%","±0.4"
"        10 to 14 years","6,661","±438","6.2%","±0.4","3,416","±349","6.5%","±0.7","3,245","±322","5.9%","±0.6","3,307","±285","4.9%","±0.4","1,810","±184","5.4%","±0.6","1,497","±173","4.4%","±0.5","15,547","±744","5.3%","±0.3","7,656","±495","5.4%","±0.3","7,891","±480","5.2%","±0.3","1,545","±187","5.2%","±0.6","857","±132","5.9%","±0.9","688","±131","4.5%","±0.9","2,559","±252","4.7%","±0.5","1,272","±176","4.8%","±0.7","1,287","±190","4.5%","±0.7","6,891","±388","5.6%","±0.3","3,505","±285","5.9%","±0.5","3,386","±251","5.4%","±0.4","2,167","±203","5.4%","±0.5","1,322","±166","6.6%","±0.8","845","±133","4.2%","±0.7","1,465","±167","4.3%","±0.5","786","±140","4.7%","±0.8","679","±135","3.9%","±0.8","3,140","±273","5.4%","±0.5","1,419","±191","5.0%","±0.7","1,721","±209","5.9%","±0.7","7,667","±478","5.1%","±0.3","4,022","±349","5.3%","±0.5","3,645","±299","4.8%","±0.4","687","±102","4.1%","±0.6","307","±56","3.6%","±0.7","380","±88","4.5%","±1.0","1,810","±254","5.1%","±0.7","900","±176","5.1%","±1.0","910","±177","5.0%","±1.0","2,702","±275","5.3%","±0.5","1,460","±145","5.8%","±0.6","1,242","±219","4.9%","±0.9","2,258","±205","5.7%","±0.5","1,159","±145","6.0%","±0.7","1,099","±108","5.4%","±0.5","1,833","±137","5.8%","±0.4","769","±84","5.0%","±0.6","1,064","±94","6.7%","±0.6","11,972","±580","5.8%","±0.3","6,618","±476","6.6%","±0.5","5,354","±410","5.1%","±0.4"
"        15 to 19 years","6,727","±153","6.2%","±0.1","3,403","±133","6.4%","±0.2","3,324","±99","6.0%","±0.2","3,773","±67","5.6%","±0.1","2,017","±63","6.0%","±0.2","1,756","±64","5.2%","±0.2","17,332","±209","5.9%","±0.1","8,798","±140","6.2%","±0.1","8,534","±213","5.6%","±0.1","1,958","±56","6.5%","±0.2","929","±37","6.4%","±0.2","1,029","±47","6.7%","±0.3","2,604","±60","4.7%","±0.1","1,352","±27","5.1%","±0.1","1,252","±55","4.4%","±0.2","7,532","±155","6.2%","±0.1","3,779","±131","6.3%","±0.2","3,753","±113","6.0%","±0.2","1,925","±51","4.8%","±0.1","1,041","±54","5.2%","±0.2","884","±32","4.4%","±0.1","1,591","±42","4.6%","±0.1","855","±21","5.1%","±0.1","736","±48","4.2%","±0.3","3,151","±82","5.5%","±0.1","1,626","±73","5.7%","±0.2","1,525","±64","5.2%","±0.2","10,512","±164","6.9%","±0.1","5,644","±124","7.5%","±0.2","4,868","±127","6.4%","±0.2","932","±115","5.5%","±0.7","466","±84","5.5%","±1.0","466","±57","5.5%","±0.7","1,820","±69","5.1%","±0.2","914","±48","5.2%","±0.3","906","±57","5.0%","±0.3","2,728","±59","5.4%","±0.1","1,375","±49","5.5%","±0.2","1,353","±33","5.3%","±0.1","2,232","±56","5.6%","±0.1","1,146","±35","5.9%","±0.2","1,086","±41","5.4%","±0.2","1,763","±70","5.6%","±0.2","900","±56","5.8%","±0.4","863","±37","5.4%","±0.2","11,496","±168","5.6%","±0.1","5,740","±130","5.7%","±0.1","5,756","±142","5.4%","±0.1"
"        20 to 24 years","6,508","±112","6.0%","±0.1","3,303","±97","6.3%","±0.2","3,205","±54","5.8%","±0.1","3,533","±147","5.2%","±0.2","1,878","±135","5.6%","±0.4","1,655","±50","4.9%","±0.1","18,096","±229","6.1%","±0.1","9,166","±157","6.4%","±0.1","8,930","±175","5.9%","±0.1","1,851","±80","6.2%","±0.3","858","±27","5.9%","±0.2","993","±68","6.5%","±0.4","2,577","±91","4.7%","±0.2","1,328","±41","5.0%","±0.2","1,249","±75","4.4%","±0.3","7,059","±125","5.8%","±0.1","3,649","±95","6.1%","±0.2","3,410","±77","5.5%","±0.1","1,944","±118","4.9%","±0.3","1,054","±104","5.3%","±0.5","890","±56","4.5%","±0.3","1,602","±55","4.7%","±0.2","828","±37","4.9%","±0.2","774","±42","4.4%","±0.2","2,712","±74","4.7%","±0.1","1,398","±55","4.9%","±0.2","1,314","±60","4.5%","±0.2","10,469","±194","6.9%","±0.1","5,550","±127","7.4%","±0.2","4,919","±161","6.4%","±0.2","668","±45","4.0%","±0.3","337","±29","4.0%","±0.3","331","±20","3.9%","±0.2","1,523","±47","4.3%","±0.1","754","±26","4.3%","±0.1","769","±39","4.2%","±0.2","2,425","±47","4.8%","±0.1","1,292","±46","5.2%","±0.2","1,133","±7","4.4%","±0.1","1,947","±60","4.9%","±0.2","970","±24","5.0%","±0.1","977","±54","4.8%","±0.3","1,592","±54","5.1%","±0.2","808","±41","5.2%","±0.3","784","±31","4.9%","±0.2","10,611","±218","5.1%","±0.1","5,381","±135","5.4%","±0.1","5,230","±157","4.9%","±0.1"
"        25 to 29 years","6,551","±78","6.1%","±0.1","3,307","±62","6.3%","±0.1","3,244","±48","5.9%","±0.1","3,388","±112","5.0%","±0.2","1,745","±102","5.2%","±0.3","1,643","±51","4.8%","±0.2","20,207","±156","6.9%","±0.1","10,069","±121","7.0%","±0.1","10,138","±120","6.7%","±0.1","1,628","±59","5.4%","±0.2","818","±36","5.6%","±0.3","810","±55","5.3%","±0.4","2,939","±83","5.4%","±0.2","1,417","±31","5.3%","±0.1","1,522","±78","5.4%","±0.3","7,104","±123","5.8%","±0.1","3,483","±74","5.8%","±0.1","3,621","±125","5.8%","±0.2","1,999","±73","5.0%","±0.2","1,108","±70","5.6%","±0.3","891","±15","4.5%","±0.1","1,741","±60","5.1%","±0.2","892","±31","5.3%","±0.2","849","±46","4.8%","±0.3","2,957","±80","5.1%","±0.1","1,494","±57","5.2%","±0.2","1,463","±50","5.0%","±0.2","10,369","±176","6.8%","±0.1","5,267","±122","7.0%","±0.2","5,102","±128","6.7%","±0.2","764","±35","4.5%","±0.2","432","±30","5.1%","±0.3","332","±13","4.0%","±0.1","2,105","±145","5.9%","±0.4","1,153","±139","6.6%","±0.8","952","±53","5.2%","±0.3","2,696","±50","5.3%","±0.1","1,422","±44","5.7%","±0.2","1,274","±31","5.0%","±0.1","2,051","±65","5.2%","±0.2","1,060","±60","5.4%","±0.3","991","±32","4.9%","±0.2","1,478","±40","4.7%","±0.1","750","±39","4.9%","±0.3","728","±13","4.6%","±0.1","12,387","±229","6.0%","±0.1","6,148","±182","6.1%","±0.2","6,239","±149","5.9%","±0.1"
"        30 to 34 years","6,713","±127","6.2%","±0.1","3,348","±120","6.3%","±0.2","3,365","±41","6.1%","±0.1","3,325","±95","4.9%","±0.1","1,661","±65","5.0%","±0.2","1,664","±62","4.9%","±0.2","20,044","±52","6.8%","±0.1","10,009","±41","7.0%","±0.1","10,035","±37","6.6%","±0.1","1,712","±95","5.7%","±0.3","830","±60","5.7%","±0.4","882","±85","5.8%","±0.5","3,286","±148","6.0%","±0.3","1,683","±88","6.4%","±0.3","1,603","±88","5.7%","±0.3","7,209","±163","5.9%","±0.1","3,621","±140","6.1%","±0.2","3,588","±103","5.7%","±0.2","2,097","±75","5.3%","±0.2","1,124","±58","5.6%","±0.3","973","±49","4.9%","±0.2","1,697","±68","4.9%","±0.2","854","±53","5.1%","±0.3","843","±37","4.8%","±0.2","3,070","±120","5.3%","±0.2","1,449","±67","5.1%","±0.2","1,621","±93","5.5%","±0.3","9,808","±211","6.5%","±0.1","4,997","±107","6.6%","±0.1","4,811","±142","6.3%","±0.2","747","±24","4.4%","±0.1","363","±17","4.3%","±0.2","384","±18","4.6%","±0.2","2,103","±66","5.9%","±0.2","1,017","±39","5.8%","±0.2","1,086","±54","6.0%","±0.3","2,735","±89","5.4%","±0.2","1,279","±39","5.1%","±0.2","1,456","±73","5.7%","±0.3","2,168","±85","5.5%","±0.2","1,041","±47","5.3%","±0.2","1,127","±65","5.6%","±0.3","1,499","±50","4.8%","±0.2","745","±28","4.8%","±0.2","754","±28","4.7%","±0.2","12,343","±195","6.0%","±0.1","6,169","±159","6.1%","±0.2","6,174","±103","5.8%","±0.1"
"        35 to 39 years","7,258","±535","6.7%","±0.5","3,525","±338","6.7%","±0.6","3,733","±334","6.8%","±0.6","3,564","±286","5.3%","±0.4","1,827","±173","5.5%","±0.5","1,737","±200","5.1%","±0.6","18,885","±746","6.4%","±0.3","9,502","±475","6.6%","±0.3","9,383","±488","6.2%","±0.3","1,569","±206","5.2%","±0.7","873","±155","6.0%","±1.0","696","±124","4.5%","±0.8","2,909","±348","5.3%","±0.6","1,521","±226","5.7%","±0.9","1,388","±177","4.9%","±0.6","7,223","±612","5.9%","±0.5","3,417","±379","5.7%","±0.6","3,806","±428","6.1%","±0.7","2,160","±297","5.4%","±0.7","1,110","±222","5.6%","±1.1","1,050","±162","5.3%","±0.8","1,770","±230","5.1%","±0.7","784","±119","4.6%","±0.7","986","±153","5.6%","±0.9","3,149","±321","5.5%","±0.6","1,316","±190","4.6%","±0.7","1,833","±218","6.3%","±0.7","8,255","±591","5.4%","±0.4","4,160","±374","5.5%","±0.5","4,095","±372","5.4%","±0.5","931","±88","5.5%","±0.5","398","±61","4.7%","±0.7","533","±80","6.3%","±0.9","1,911","±298","5.3%","±0.8","833","±203","4.8%","±1.2","1,078","±176","5.9%","±1.0","2,965","±257","5.9%","±0.5","1,429","±170","5.7%","±0.7","1,536","±182","6.0%","±0.7","2,201","±272","5.5%","±0.7","1,026","±195","5.3%","±1.0","1,175","±179","5.8%","±0.9","1,700","±129","5.4%","±0.4","851","±78","5.5%","±0.5","849","±90","5.3%","±0.6","11,318","±688","5.5%","±0.3","5,616","±467","5.6%","±0.5","5,702","±467","5.4%","±0.4"
"        40 to 44 years","5,696","±513","5.3%","±0.5","2,696","±345","5.1%","±0.7","3,000","±303","5.4%","±0.6","3,457","±282","5.1%","±0.4","1,627","±182","4.9%","±0.5","1,830","±188","5.4%","±0.6","17,566","±761","6.0%","±0.3","8,636","±468","6.0%","±0.3","8,930","±504","5.9%","±0.3","1,454","±195","4.9%","±0.7","618","±128","4.2%","±0.9","836","±129","5.5%","±0.8","2,795","±344","5.1%","±0.6","1,295","±240","4.9%","±0.9","1,500","±165","5.3%","±0.6","6,847","±605","5.6%","±0.5","3,450","±371","5.8%","±0.6","3,397","±417","5.4%","±0.7","2,315","±274","5.8%","±0.7","1,146","±196","5.8%","±1.0","1,169","±152","5.9%","±0.8","1,611","±224","4.7%","±0.7","869","±124","5.2%","±0.7","742","±144","4.2%","±0.8","3,473","±300","6.0%","±0.5","1,912","±193","6.7%","±0.7","1,561","±210","5.3%","±0.7","8,840","±577","5.8%","±0.4","4,155","±354","5.5%","±0.5","4,685","±391","6.1%","±0.5","762","±85","4.5%","±0.5","409","±58","4.8%","±0.7","353","±78","4.2%","±0.9","2,058","±259","5.8%","±0.7","1,147","±167","6.6%","±1.0","911","±172","5.0%","±0.9","2,658","±251","5.3%","±0.5","1,350","±163","5.4%","±0.6","1,308","±177","5.1%","±0.7","2,476","±259","6.2%","±0.7","1,305","±170","6.7%","±0.9","1,171","±185","5.8%","±0.9","1,515","±128","4.8%","±0.4","693","±74","4.5%","±0.5","822","±88","5.1%","±0.5","12,565","±712","6.1%","±0.3","5,993","±512","6.0%","±0.5","6,572","±478","6.2%","±0.5"
"        45 to 49 years","6,852","±80","6.3%","±0.1","3,357","±17","6.4%","±0.1","3,495","±79","6.3%","±0.1","4,130","±67","6.1%","±0.1","2,016","±34","6.0%","±0.1","2,114","±57","6.2%","±0.2","19,514","±162","6.6%","±0.1","9,523","±104","6.7%","±0.1","9,991","±139","6.6%","±0.1","1,694","±38","5.7%","±0.1","838","±24","5.7%","±0.2","856","±28","5.6%","±0.2","3,351","±82","6.1%","±0.1","1,613","±43","6.1%","±0.2","1,738","±62","6.1%","±0.2","7,727","±98","6.3%","±0.1","3,776","±81","6.3%","±0.1","3,951","±65","6.3%","±0.1","2,521","±114","6.3%","±0.3","1,291","±74","6.5%","±0.4","1,230","±68","6.2%","±0.3","2,011","±27","5.8%","±0.1","977","±8","5.8%","±0.1","1,034","±23","5.9%","±0.1","3,601","±34","6.2%","±0.1","1,727","±22","6.1%","±0.1","1,874","±26","6.4%","±0.1","9,548","±147","6.3%","±0.1","4,682","±109","6.2%","±0.1","4,866","±89","6.4%","±0.1","1,062","±56","6.3%","±0.3","543","±53","6.4%","±0.6","519","±26","6.2%","±0.3","2,312","±73","6.5%","±0.2","1,134","±53","6.5%","±0.3","1,178","±38","6.5%","±0.2","3,443","±86","6.8%","±0.2","1,685","±45","6.7%","±0.2","1,758","±65","6.9%","±0.2","2,448","±48","6.2%","±0.1","1,218","±29","6.3%","±0.2","1,230","±41","6.1%","±0.2","1,865","±43","5.9%","±0.1","931","±21","6.0%","±0.1","934","±38","5.8%","±0.2","13,329","±167","6.5%","±0.1","6,723","±148","6.7%","±0.1","6,606","±103","6.2%","±0.1"
"        50 to 54 years","7,630","±50","7.1%","±0.1","3,841","±49","7.3%","±0.1","3,789","±9","6.9%","±0.1","4,843","±50","7.2%","±0.1","2,416","±40","7.2%","±0.1","2,427","±34","7.1%","±0.1","20,696","±201","7.0%","±0.1","9,905","±127","6.9%","±0.1","10,791","±156","7.1%","±0.1","2,052","±36","6.9%","±0.1","974","±20","6.7%","±0.1","1,078","±28","7.0%","±0.2","3,804","±84","6.9%","±0.2","1,808","±57","6.8%","±0.2","1,996","±68","7.0%","±0.2","8,733","±102","7.1%","±0.1","4,232","±65","7.1%","±0.1","4,501","±80","7.2%","±0.1","2,627","±40","6.6%","±0.1","1,330","±24","6.7%","±0.1","1,297","±30","6.5%","±0.2","2,278","±53","6.6%","±0.2","1,133","±46","6.7%","±0.3","1,145","±22","6.5%","±0.1","4,176","±33","7.2%","±0.1","2,045","±28","7.2%","±0.1","2,131","±14","7.3%","±0.1","10,521","±88","6.9%","±0.1","5,169","±71","6.9%","±0.1","5,352","±51","7.0%","±0.1","1,202","±39","7.1%","±0.2","594","±35","7.0%","±0.4","608","±13","7.2%","±0.2","2,513","±80","7.0%","±0.2","1,272","±69","7.3%","±0.4","1,241","±29","6.8%","±0.2","3,941","±77","7.8%","±0.2","1,918","±47","7.7%","±0.2","2,023","±62","7.9%","±0.2","2,694","±38","6.8%","±0.1","1,316","±31","6.8%","±0.2","1,378","±17","6.8%","±0.1","2,080","±20","6.6%","±0.1","1,009","±14","6.6%","±0.1","1,071","±11","6.7%","±0.1","15,082","±263","7.3%","±0.1","7,568","±199","7.5%","±0.2","7,514","±125","7.1%","±0.1"
"        55 to 59 years","8,111","±558","7.5%","±0.5","4,014","±312","7.6%","±0.6","4,097","±378","7.4%","±0.7","5,713","±308","8.5%","±0.5","2,762","±225","8.3%","±0.7","2,951","±223","8.7%","±0.7","23,529","±899","8.0%","±0.3","11,171","±520","7.8%","±0.4","12,358","±581","8.2%","±0.4","2,597","±250","8.7%","±0.8","1,426","±174","9.8%","±1.2","1,171","±151","7.6%","±1.0","4,390","±323","8.0%","±0.6","1,881","±224","7.1%","±0.8","2,509","±204","8.9%","±0.7","10,036","±572","8.2%","±0.5","4,631","±333","7.8%","±0.6","5,405","±409","8.6%","±0.7","2,601","±295","6.5%","±0.7","1,217","±204","6.1%","±1.0","1,384","±218","7.0%","±1.1","2,780","±243","8.1%","±0.7","1,392","±133","8.3%","±0.8","1,388","±195","7.9%","±1.1","4,733","±367","8.2%","±0.6","2,348","±237","8.2%","±0.8","2,385","±247","8.2%","±0.8","11,739","±602","7.7%","±0.4","5,770","±373","7.7%","±0.5","5,969","±394","7.8%","±0.5","1,538","±132","9.1%","±0.8","746","±105","8.8%","±1.2","792","±102","9.4%","±1.2","2,771","±314","7.8%","±0.9","1,407","±175","8.0%","±1.0","1,364","±210","7.5%","±1.1","4,115","±361","8.1%","±0.7","2,057","±240","8.2%","±1.0","2,058","±241","8.1%","±0.9","2,991","±333","7.5%","±0.8","1,451","±211","7.5%","±1.1","1,540","±213","7.6%","±1.1","2,444","±152","7.8%","±0.5","1,228","±107","8.0%","±0.7","1,216","±110","7.6%","±0.7","16,599","±836","8.1%","±0.4","7,313","±561","7.3%","±0.6","9,286","±535","8.8%","±0.5"
"        60 to 64 years","7,380","±561","6.8%","±0.5","3,579","±323","6.8%","±0.6","3,801","±357","6.9%","±0.6","5,395","±310","8.0%","±0.5","2,751","±221","8.2%","±0.7","2,644","±231","7.8%","±0.7","19,380","±886","6.6%","±0.3","9,236","±505","6.5%","±0.4","10,144","±577","6.7%","±0.4","2,481","±250","8.3%","±0.8","1,097","±171","7.5%","±1.2","1,384","±148","9.0%","±1.0","4,841","±321","8.8%","±0.6","2,493","±222","9.4%","±0.8","2,348","±205","8.3%","±0.7","9,178","±586","7.5%","±0.5","4,627","±349","7.8%","±0.6","4,551","±415","7.3%","±0.7","3,950","±290","9.9%","±0.7","1,877","±194","9.4%","±1.0","2,073","±211","10.4%","±1.1","3,018","±251","8.8%","±0.7","1,374","±135","8.1%","±0.8","1,644","±196","9.4%","±1.1","5,567","±355","9.6%","±0.6","2,772","±228","9.7%","±0.8","2,795","±246","9.6%","±0.8","11,176","±597","7.4%","±0.4","5,431","±358","7.2%","±0.5","5,745","±385","7.5%","±0.5","1,532","±132","9.1%","±0.8","774","±104","9.1%","±1.2","758","±100","9.0%","±1.2","3,092","±299","8.7%","±0.8","1,318","±170","7.5%","±1.0","1,774","±192","9.7%","±1.1","4,192","±354","8.3%","±0.7","2,027","±236","8.1%","±0.9","2,165","±237","8.5%","±0.9","3,503","±322","8.8%","±0.8","1,605","±209","8.2%","±1.1","1,898","±210","9.4%","±1.0","2,838","±146","9.0%","±0.5","1,364","±108","8.9%","±0.7","1,474","±110","9.2%","±0.7","16,552","±832","8.0%","±0.4","8,466","±546","8.4%","±0.5","8,086","±523","7.6%","±0.5"
"        65 to 69 years","6,459","±410","6.0%","±0.4","3,170","±273","6.0%","±0.5","3,289","±257","6.0%","±0.5","5,199","±310","7.7%","±0.5","2,629","±200","7.9%","±0.6","2,570","±218","7.6%","±0.6","18,973","±732","6.4%","±0.2","8,670","±402","6.1%","±0.3","10,303","±540","6.8%","±0.4","2,138","±255","7.1%","±0.9","1,133","±146","7.8%","±1.0","1,005","±163","6.6%","±1.1","4,821","±312","8.8%","±0.6","2,251","±180","8.5%","±0.7","2,570","±210","9.1%","±0.7","8,077","±429","6.6%","±0.4","3,931","±286","6.6%","±0.5","4,146","±277","6.6%","±0.4","3,482","±242","8.7%","±0.6","1,783","±162","9.0%","±0.8","1,699","±193","8.5%","±1.0","3,171","±211","9.2%","±0.6","1,341","±165","7.9%","±1.0","1,830","±168","10.4%","±1.0","4,114","±268","7.1%","±0.5","2,106","±194","7.4%","±0.7","2,008","±213","6.9%","±0.7","9,231","±457","6.1%","±0.3","4,590","±321","6.1%","±0.4","4,641","±341","6.1%","±0.4","1,449","±132","8.6%","±0.8","803","±85","9.5%","±1.0","646","±90","7.7%","±1.1","2,823","±275","7.9%","±0.8","1,229","±174","7.0%","±1.0","1,594","±164","8.7%","±0.9","3,762","±348","7.4%","±0.7","1,887","±228","7.5%","±0.9","1,875","±220","7.3%","±0.9","3,333","±212","8.4%","±0.5","1,653","±142","8.5%","±0.7","1,680","±177","8.3%","±0.9","2,693","±114","8.6%","±0.4","1,295","±97","8.4%","±0.6","1,398","±78","8.7%","±0.5","14,584","±736","7.1%","±0.4","6,849","±463","6.8%","±0.5","7,735","±470","7.3%","±0.4"
"        70 to 74 years","4,799","±413","4.4%","±0.4","2,206","±271","4.2%","±0.5","2,593","±260","4.7%","±0.5","4,034","±310","6.0%","±0.5","1,930","±199","5.8%","±0.6","2,104","±218","6.2%","±0.6","13,245","±710","4.5%","±0.2","6,362","±406","4.5%","±0.3","6,883","±541","4.5%","±0.4","1,846","±268","6.2%","±0.9","852","±158","5.8%","±1.1","994","±165","6.5%","±1.1","3,561","±305","6.5%","±0.6","1,763","±179","6.7%","±0.7","1,798","±199","6.3%","±0.7","6,223","±435","5.1%","±0.4","2,910","±289","4.9%","±0.5","3,313","±275","5.3%","±0.4","2,387","±236","6.0%","±0.6","1,008","±158","5.1%","±0.8","1,379","±193","6.9%","±1.0","2,444","±217","7.1%","±0.6","1,319","±167","7.8%","±1.0","1,125","±173","6.4%","±1.0","3,363","±284","5.8%","±0.5","1,639","±200","5.8%","±0.7","1,724","±217","5.9%","±0.7","7,403","±442","4.9%","±0.3","3,469","±332","4.6%","±0.4","3,934","±327","5.1%","±0.4","1,281","±137","7.6%","±0.8","643","±94","7.6%","±1.1","638","±90","7.6%","±1.1","1,960","±259","5.5%","±0.7","1,021","±157","5.8%","±0.9","939","±163","5.2%","±0.9","2,901","±342","5.7%","±0.7","1,461","±199","5.8%","±0.8","1,440","±222","5.6%","±0.9","2,365","±208","6.0%","±0.5","1,129","±140","5.8%","±0.7","1,236","±183","6.1%","±0.9","1,942","±109","6.2%","±0.3","1,008","±94","6.5%","±0.6","934","±78","5.8%","±0.5","10,403","±686","5.0%","±0.3","4,878","±432","4.9%","±0.4","5,525","±453","5.2%","±0.4"
"        75 to 79 years","3,348","±406","3.1%","±0.4","1,454","±238","2.8%","±0.5","1,894","±250","3.4%","±0.5","2,400","±230","3.6%","±0.3","1,098","±151","3.3%","±0.5","1,302","±178","3.8%","±0.5","8,933","±726","3.0%","±0.2","3,530","±405","2.5%","±0.3","5,403","±481","3.6%","±0.3","862","±202","2.9%","±0.7","459","±125","3.1%","±0.9","403","±125","2.6%","±0.8","2,358","±285","4.3%","±0.5","1,107","±135","4.2%","±0.5","1,251","±195","4.4%","±0.7","4,315","±359","3.5%","±0.3","1,890","±207","3.2%","±0.3","2,425","±264","3.9%","±0.4","1,620","±201","4.1%","±0.5","827","±144","4.2%","±0.7","793","±163","4.0%","±0.8","1,754","±168","5.1%","±0.5","881","±115","5.2%","±0.7","873","±137","5.0%","±0.8","1,939","±252","3.4%","±0.4","869","±118","3.1%","±0.4","1,070","±184","3.7%","±0.6","4,780","±411","3.2%","±0.3","2,263","±261","3.0%","±0.3","2,517","±265","3.3%","±0.3","813","±100","4.8%","±0.6","424","±79","5.0%","±0.9","389","±79","4.6%","±0.9","1,284","±234","3.6%","±0.7","576","±137","3.3%","±0.8","708","±142","3.9%","±0.8","1,905","±209","3.8%","±0.4","916","±138","3.7%","±0.5","989","±145","3.9%","±0.6","1,594","±156","4.0%","±0.4","793","±91","4.1%","±0.5","801","±124","4.0%","±0.6","1,469","±143","4.7%","±0.5","671","±82","4.4%","±0.5","798","±122","5.0%","±0.8","6,887","±523","3.3%","±0.3","3,454","±331","3.4%","±0.3","3,433","±371","3.2%","±0.4"
"        80 to 84 years","2,440","±387","2.3%","±0.4","1,050","±266","2.0%","±0.5","1,390","±236","2.5%","±0.4","2,139","±209","3.2%","±0.3","797","±134","2.4%","±0.4","1,342","±157","3.9%","±0.5","6,275","±712","2.1%","±0.2","3,043","±419","2.1%","±0.3","3,232","±481","2.1%","±0.3","891","±193","3.0%","±0.6","464","±126","3.2%","±0.9","427","±104","2.8%","±0.7","1,301","±171","2.4%","±0.3","589","±107","2.2%","±0.4","712","±117","2.5%","±0.4","2,928","±402","2.4%","±0.3","1,207","±230","2.0%","±0.4","1,721","±260","2.8%","±0.4","1,220","±212","3.1%","±0.5","550","±127","2.8%","±0.6","670","±147","3.4%","±0.7","980","±164","2.8%","±0.5","440","±110","2.6%","±0.7","540","±128","3.1%","±0.7","1,524","±234","2.6%","±0.4","560","±131","2.0%","±0.5","964","±207","3.3%","±0.7","3,155","±346","2.1%","±0.2","1,264","±186","1.7%","±0.2","1,891","±254","2.5%","±0.3","443","±78","2.6%","±0.5","234","±52","2.8%","±0.6","209","±61","2.5%","±0.7","746","±209","2.1%","±0.6","317","±117","1.8%","±0.7","429","±138","2.4%","±0.8","1,212","±245","2.4%","±0.5","617","±154","2.5%","±0.6","595","±163","2.3%","±0.6","943","±150","2.4%","±0.4","362","±92","1.9%","±0.5","581","±106","2.9%","±0.5","774","±110","2.5%","±0.3","391","±72","2.5%","±0.5","383","±82","2.4%","±0.5","4,449","±587","2.2%","±0.3","1,675","±241","1.7%","±0.2","2,774","±462","2.6%","±0.4"
"        85 years and over","2,008","±283","1.9%","±0.3","651","±156","1.2%","±0.3","1,357","±195","2.5%","±0.4","2,481","±267","3.7%","±0.4","995","±154","3.0%","±0.5","1,486","±201","4.4%","±0.6","6,930","±532","2.4%","±0.2","2,268","±330","1.6%","±0.2","4,662","±458","3.1%","±0.3","844","±287","2.8%","±1.0","287","±137","2.0%","±0.9","557","±181","3.6%","±1.2","1,672","±241","3.0%","±0.4","570","±117","2.2%","±0.4","1,102","±195","3.9%","±0.7","2,725","±322","2.2%","±0.3","1,060","±178","1.8%","±0.3","1,665","±259","2.7%","±0.4","1,231","±226","3.1%","±0.6","362","±118","1.8%","±0.6","869","±186","4.4%","±0.9","1,206","±204","3.5%","±0.6","404","±96","2.4%","±0.6","802","±169","4.6%","±1.0","1,623","±239","2.8%","±0.4","788","±166","2.8%","±0.6","835","±150","2.9%","±0.5","3,486","±367","2.3%","±0.2","1,254","±221","1.7%","±0.3","2,232","±268","2.9%","±0.3","467","±82","2.8%","±0.5","178","±52","2.1%","±0.6","289","±57","3.4%","±0.7","1,213","±310","3.4%","±0.9","538","±168","3.1%","±1.0","675","±180","3.7%","±1.0","1,076","±207","2.1%","±0.4","352","±126","1.4%","±0.5","724","±136","2.8%","±0.5","718","±156","1.8%","±0.4","311","±87","1.6%","±0.4","407","±125","2.0%","±0.6","817","±134","2.6%","±0.4","255","±62","1.7%","±0.4","562","±117","3.5%","±0.7","5,923","±547","2.9%","±0.3","1,930","±309","1.9%","±0.3","3,993","±434","3.8%","±0.4"
"    SELECTED AGE CATEGORIES","","","","","","","","","","","","","","","","","","","","","","","","","","","","","","","","","","","","","","","","","","","","","","","","","","","","","","","","","","","","","","","","","","","","","","","","","","","","","","","","","","","","","","","","","","","","","","","","","","","","","","","","","","","","","","","","","","","","","","","","","","","","","","","","","","","","","","","","","","","","","","","","","","","","","","","","","","","","","","","","","","","","","","","","","","","","","","","","","","","","","","","","","","","","","","","",""
"        5 to 14 years","13,078","±124","12.1%","±0.1","6,655","±50","12.6%","±0.1","6,423","±107","11.7%","±0.2","6,744","±57","10.0%","±0.1","3,498","±45","10.5%","±0.1","3,246","±47","9.5%","±0.1","30,743","±77","10.4%","±0.1","15,713","±49","11.0%","±0.1","15,030","±59","9.9%","±0.1","2,974","±59","9.9%","±0.2","1,471","±11","10.1%","±0.1","1,503","±55","9.8%","±0.3","5,294","±49","9.7%","±0.1","2,667","±84","10.1%","±0.3","2,627","±76","9.3%","±0.2","13,434","±104","11.0%","±0.1","6,970","±72","11.7%","±0.1","6,464","±76","10.3%","±0.1","4,070","±81","10.2%","±0.2","2,219","±92","11.1%","±0.4","1,851","±52","9.3%","±0.2","3,323","±66","9.7%","±0.2","1,797","±72","10.7%","±0.4","1,526","±40","8.7%","±0.2","6,028","±88","10.4%","±0.2","3,087","±71","10.8%","±0.2","2,941","±65","10.1%","±0.2","15,365","±114","10.1%","±0.1","7,920","±96","10.5%","±0.1","7,445","±63","9.7%","±0.1","1,522","±86","9.0%","±0.5","730","±34","8.6%","±0.4","792","±68","9.4%","±0.8","3,629","±58","10.2%","±0.2","1,864","±49","10.7%","±0.3","1,765","±45","9.7%","±0.3","5,466","±105","10.8%","±0.2","2,825","±85","11.3%","±0.3","2,641","±78","10.4%","±0.3","4,237","±63","10.7%","±0.2","2,124","±32","10.9%","±0.2","2,113","±50","10.4%","±0.3","3,396","±33","10.8%","±0.1","1,696","±19","11.0%","±0.1","1,700","±32","10.6%","±0.2","21,956","±72","10.7%","±0.1","11,470","±147","11.4%","±0.1","10,486","±92","9.9%","±0.1"
"        15 to 17 years","3,910","±107","3.6%","±0.1","2,008","±109","3.8%","±0.2","1,902","±96","3.5%","±0.2","2,323","±50","3.4%","±0.1","1,229","±50","3.7%","±0.1","1,094","±50","3.2%","±0.1","9,989","±58","3.4%","±0.1","5,108","±85","3.6%","±0.1","4,881","±107","3.2%","±0.1","967","±45","3.2%","±0.2","497","±34","3.4%","±0.2","470","±31","3.1%","±0.2","1,617","±40","2.9%","±0.1","799","±26","3.0%","±0.1","818","±40","2.9%","±0.1","4,308","±76","3.5%","±0.1","2,158","±67","3.6%","±0.1","2,150","±84","3.4%","±0.1","1,306","±51","3.3%","±0.1","716","±54","3.6%","±0.3","590","±32","3.0%","±0.1","1,039","±33","3.0%","±0.1","560","±16","3.3%","±0.1","479","±36","2.7%","±0.2","2,015","±50","3.5%","±0.1","1,026","±40","3.6%","±0.1","989","±29","3.4%","±0.1","5,111","±62","3.4%","±0.1","2,636","±69","3.5%","±0.1","2,475","±74","3.2%","±0.1","607","±59","3.6%","±0.4","299","±44","3.5%","±0.5","308","±39","3.7%","±0.5","1,232","±55","3.4%","±0.2","597","±24","3.4%","±0.1","635","±54","3.5%","±0.3","1,796","±53","3.6%","±0.1","890","±43","3.6%","±0.2","906","±28","3.6%","±0.1","1,311","±28","3.3%","±0.1","669","±13","3.4%","±0.1","642","±29","3.2%","±0.1","1,085","±35","3.5%","±0.1","547","±28","3.6%","±0.2","538","±30","3.4%","±0.2","7,104","±9","3.4%","±0.1","3,640","±70","3.6%","±0.1","3,464","±72","3.3%","±0.1"
"        Under 18 years","23,388","*****","21.7%","*****","11,942","±127","22.6%","±0.2","11,446","±127","20.8%","±0.2","12,380","*****","18.4%","*****","6,473","±85","19.4%","±0.2","5,907","±85","17.4%","±0.2","54,904","*****","18.6%","*****","28,172","±86","19.7%","±0.1","26,732","±86","17.6%","±0.1","5,323","±49","17.8%","±0.2","2,652","±38","18.2%","±0.3","2,671","±52","17.4%","±0.3","9,240","±62","16.9%","±0.1","4,628","±100","17.5%","±0.3","4,612","±113","16.3%","±0.3","23,550","*****","19.3%","*****","12,094","±98","20.3%","±0.1","11,456","±97","18.3%","±0.1","7,036","±97","17.7%","±0.2","3,796","±134","19.1%","±0.6","3,240","±73","16.3%","±0.3","5,800","±63","16.9%","±0.2","3,088","±74","18.3%","±0.4","2,712","±54","15.5%","±0.3","10,604","±55","18.4%","±0.1","5,460","±71","19.2%","±0.2","5,144","±61","17.6%","±0.2","27,515","*****","18.1%","*****","14,204","±96","18.9%","±0.1","13,311","±95","17.4%","±0.1","2,880","±56","17.1%","±0.3","1,422","±40","16.8%","±0.5","1,458","±51","17.4%","±0.5","6,718","±47","18.8%","±0.1","3,461","±76","19.8%","±0.4","3,257","±72","17.9%","±0.3","9,615","*****","19.0%","*****","4,885","±89","19.5%","±0.3","4,730","±89","18.5%","±0.3","7,370","*****","18.6%","*****","3,744","±51","19.2%","±0.3","3,626","±52","17.9%","±0.3","5,994","*****","19.1%","*****","3,040","±36","19.8%","±0.2","2,954","±38","18.5%","±0.2","38,650","±45","18.8%","±0.1","20,101","±166","20.0%","±0.1","18,549","±157","17.5%","±0.1"
"        18 to 24 years","9,325","±96","8.6%","±0.1","4,698","±100","8.9%","±0.2","4,627","±49","8.4%","±0.1","4,983","±139","7.4%","±0.2","2,666","±130","8.0%","±0.4","2,317","±49","6.8%","±0.1","25,439","±160","8.6%","±0.1","12,856","±119","9.0%","±0.1","12,583","±120","8.3%","±0.1","2,842","±99","9.5%","±0.3","1,290","±30","8.8%","±0.2","1,552","±83","10.1%","±0.5","3,564","±98","6.5%","±0.2","1,881","±42","7.1%","±0.2","1,683","±87","5.9%","±0.3","10,283","±151","8.4%","±0.1","5,270","±119","8.8%","±0.2","5,013","±81","8.0%","±0.1","2,563","±118","6.4%","±0.3","1,379","±104","6.9%","±0.5","1,184","±56","5.9%","±0.3","2,154","±61","6.3%","±0.2","1,123","±38","6.7%","±0.2","1,031","±52","5.9%","±0.3","3,848","±101","6.7%","±0.2","1,998","±67","7.0%","±0.2","1,850","±88","6.3%","±0.3","15,870","±204","10.5%","±0.1","8,558","±124","11.4%","±0.2","7,312","±159","9.6%","±0.2","993","±70","5.9%","±0.4","504","±50","6.0%","±0.6","489","±27","5.8%","±0.3","2,111","±63","5.9%","±0.2","1,071","±43","6.1%","±0.2","1,040","±43","5.7%","±0.2","3,357","±54","6.6%","±0.1","1,777","±50","7.1%","±0.2","1,580","±20","6.2%","±0.1","2,868","±73","7.2%","±0.2","1,447","±40","7.4%","±0.2","1,421","±65","7.0%","±0.3","2,270","±62","7.2%","±0.2","1,161","±57","7.5%","±0.4","1,109","±25","6.9%","±0.2","15,003","±225","7.3%","±0.1","7,481","±149","7.5%","±0.1","7,522","±169","7.1%","±0.2"
"        15 to 44 years","39,453","±113","36.5%","±0.1","19,582","±116","37.1%","±0.2","19,871","±114","36.1%","±0.2","21,040","±95","31.2%","±0.1","10,755","±81","32.2%","±0.2","10,285","±90","30.2%","±0.3","112,130","±187","38.1%","±0.1","56,180","±158","39.3%","±0.1","55,950","±156","36.9%","±0.1","10,172","±94","34.0%","±0.3","4,926","±93","33.7%","±0.5","5,246","±99","34.2%","±0.5","17,110","±92","31.2%","±0.2","8,596","±94","32.4%","±0.3","8,514","±61","30.1%","±0.2","42,974","±157","35.2%","±0.1","21,399","±117","35.9%","±0.2","21,575","±128","34.5%","±0.2","12,440","±151","31.2%","±0.4","6,583","±124","33.1%","±0.5","5,857","±141","29.4%","±0.6","10,012","±103","29.1%","±0.3","5,082","±82","30.1%","±0.4","4,930","±66","28.1%","±0.4","18,512","±84","32.1%","±0.1","9,195","±79","32.3%","±0.2","9,317","±80","31.8%","±0.2","58,253","±181","38.4%","±0.1","29,773","±140","39.6%","±0.2","28,480","±108","37.2%","±0.1","4,804","±113","28.5%","±0.7","2,405","±84","28.4%","±0.9","2,399","±69","28.6%","±0.8","11,520","±118","32.3%","±0.3","5,818","±124","33.3%","±0.6","5,702","±101","31.3%","±0.5","16,207","±124","32.0%","±0.2","8,147","±104","32.5%","±0.4","8,060","±63","31.6%","±0.3","13,075","±70","32.9%","±0.2","6,548","±82","33.6%","±0.4","6,527","±81","32.2%","±0.3","9,547","±59","30.4%","±0.2","4,747","±38","30.8%","±0.2","4,800","±59","30.0%","±0.3","70,720","±256","34.3%","±0.1","35,047","±206","34.9%","±0.2","35,673","±171","33.7%","±0.2"
"        16 years and over","87,203","±216","80.8%","±0.2","42,204","±167","79.9%","±0.3","44,999","±165","81.6%","±0.3","56,773","±120","84.2%","±0.2","27,859","±90","83.4%","±0.3","28,914","±105","84.9%","±0.3","246,303","±335","83.6%","±0.1","118,165","±222","82.7%","±0.2","128,138","±271","84.5%","±0.2","25,299","±100","84.5%","±0.3","12,283","±143","84.1%","±0.6","13,016","±109","84.9%","±0.4","46,655","±126","85.1%","±0.2","22,415","±136","84.6%","±0.5","24,240","±115","85.6%","±0.4","101,462","±272","83.1%","±0.2","48,897","±216","82.0%","±0.3","52,565","±213","84.0%","±0.3","33,716","±136","84.7%","±0.3","16,682","±157","83.8%","±0.5","17,034","±163","85.6%","±0.6","29,289","±127","85.1%","±0.4","14,155","±100","83.9%","±0.6","15,134","±75","86.3%","±0.5","48,580","±159","84.1%","±0.3","23,712","±147","83.2%","±0.5","24,868","±101","85.0%","±0.3","127,672","±179","84.2%","±0.1","62,859","±171","83.6%","±0.2","64,813","±160","84.8%","±0.2","14,454","±105","85.7%","±0.6","7,278","±124","86.0%","±0.8","7,176","±68","85.5%","±0.7","29,801","±113","83.4%","±0.3","14,376","±141","82.2%","±0.7","15,425","±133","84.6%","±0.5","42,175","±156","83.4%","±0.3","20,810","±130","83.0%","±0.5","21,365","±135","83.7%","±0.5","33,216","±69","83.6%","±0.2","16,129","±91","82.9%","±0.4","17,087","±90","84.3%","±0.3","26,151","±72","83.3%","±0.2","12,725","±61","82.7%","±0.3","13,426","±69","84.0%","±0.4","172,029","±263","83.5%","±0.1","82,633","±217","82.3%","±0.2","89,396","±233","84.6%","±0.2"
"        18 years and over","84,570","*****","78.3%","*****","40,896","±60","77.4%","±0.2","43,674","±60","79.2%","±0.2","55,051","*****","81.6%","*****","26,920","±52","80.6%","±0.2","28,131","±52","82.6%","±0.2","239,616","*****","81.4%","*****","114,780","*****","80.3%","±0.1","124,836","*****","82.4%","±0.1","24,610","±49","82.2%","±0.2","11,959","±102","81.8%","±0.3","12,651","±97","82.6%","±0.3","45,592","±62","83.1%","±0.1","21,872","±95","82.5%","±0.3","23,720","±67","83.7%","±0.3","98,608","*****","80.7%","*****","47,505","±65","79.7%","±0.1","51,103","±64","81.7%","±0.1","32,773","±97","82.3%","±0.2","16,112","±133","80.9%","±0.6","16,661","±132","83.7%","±0.3","28,615","±63","83.1%","±0.2","13,783","±66","81.7%","±0.4","14,832","±45","84.5%","±0.3","47,137","±55","81.6%","±0.1","23,023","±77","80.8%","±0.2","24,114","±83","82.4%","±0.2","124,181","*****","81.9%","*****","61,029","±52","81.1%","±0.1","63,152","±52","82.6%","±0.1","13,984","±56","82.9%","±0.3","7,045","±93","83.2%","±0.5","6,939","±66","82.6%","±0.5","29,002","±47","81.2%","±0.1","14,033","±102","80.2%","±0.4","14,969","±96","82.1%","±0.3","40,958","*****","81.0%","*****","20,177","±73","80.5%","±0.3","20,781","±72","81.5%","±0.3","32,353","*****","81.4%","*****","15,717","±82","80.8%","±0.3","16,636","±84","82.1%","±0.3","25,384","*****","80.9%","*****","12,352","±39","80.2%","±0.2","13,032","±41","81.5%","±0.2","167,424","±45","81.2%","±0.1","80,263","±110","80.0%","±0.1","87,161","±100","82.5%","±0.1"
"        21 years and over","80,226","±296","74.3%","±0.3","38,778","±205","73.4%","±0.4","41,448","±234","75.2%","±0.4","52,833","±165","78.4%","±0.2","25,801","±118","77.3%","±0.4","27,032","±132","79.4%","±0.5","229,319","±457","77.9%","±0.2","109,538","±362","76.6%","±0.3","119,781","±283","79.0%","±0.2","23,037","±252","77.0%","±0.8","11,259","±191","77.1%","±1.2","11,778","±136","76.9%","±0.9","44,027","±161","80.3%","±0.3","21,019","±139","79.3%","±0.5","23,008","±161","81.2%","±0.6","93,998","±289","76.9%","±0.2","45,139","±221","75.7%","±0.4","48,859","±190","78.1%","±0.3","31,827","±107","79.9%","±0.3","15,605","±146","78.4%","±0.5","16,222","±149","81.5%","±0.5","27,700","±138","80.5%","±0.4","13,257","±120","78.6%","±0.7","14,443","±80","82.3%","±0.5","45,592","±165","79.0%","±0.3","22,203","±129","78.0%","±0.4","23,389","±113","79.9%","±0.4","116,608","±372","76.9%","±0.2","56,949","±238","75.7%","±0.3","59,659","±275","78.0%","±0.4","13,578","±69","80.5%","±0.4","6,816","±100","80.5%","±0.7","6,762","±70","80.5%","±0.6","28,074","±142","78.6%","±0.4","13,606","±111","77.8%","±0.5","14,468","±129","79.4%","±0.6","39,335","±161","77.8%","±0.3","19,352","±119","77.2%","±0.5","19,983","±151","78.3%","±0.6","31,036","±133","78.1%","±0.3","15,019","±136","77.2%","±0.6","16,017","±85","79.0%","±0.4","24,293","±128","77.4%","±0.4","11,779","±99","76.5%","±0.6","12,514","±75","78.3%","±0.5","161,195","±324","78.2%","±0.2","77,297","±254","77.0%","±0.3","83,898","±232","79.4%","±0.3"
"        60 years and over","26,434","±558","24.5%","±0.5","12,110","±317","22.9%","±0.6","14,324","±361","26.0%","±0.7","21,648","±309","32.1%","±0.5","10,200","±231","30.5%","±0.7","11,448","±225","33.6%","±0.7","73,736","±899","25.0%","±0.3","33,109","±519","23.2%","±0.4","40,627","±581","26.8%","±0.4","9,062","±257","30.3%","±0.9","4,292","±184","29.4%","±1.3","4,770","±149","31.1%","±1.0","18,554","±323","33.8%","±0.6","8,773","±226","33.1%","±0.9","9,781","±214","34.5%","±0.7","33,446","±581","27.4%","±0.5","15,625","±348","26.2%","±0.6","17,821","±417","28.5%","±0.7","13,890","±301","34.9%","±0.8","6,407","±204","32.2%","±1.0","7,483","±215","37.6%","±1.1","12,573","±244","36.5%","±0.7","5,759","±136","34.1%","±0.8","6,814","±194","38.8%","±1.1","18,130","±373","31.4%","±0.6","8,734","±237","30.7%","±0.8","9,396","±255","32.1%","±0.9","39,231","±602","25.9%","±0.4","18,271","±368","24.3%","±0.5","20,960","±392","27.4%","±0.5","5,985","±144","35.5%","±0.9","3,056","±115","36.1%","±1.3","2,929","±108","34.9%","±1.3","11,118","±319","31.1%","±0.9","4,999","±176","28.6%","±1.0","6,119","±207","33.6%","±1.1","15,048","±386","29.8%","±0.8","7,260","±261","29.0%","±1.0","7,788","±245","30.5%","±0.9","12,456","±335","31.4%","±0.8","5,853","±215","30.1%","±1.1","6,603","±218","32.6%","±1.1","10,533","±142","33.6%","±0.5","4,984","±109","32.4%","±0.7","5,549","±113","34.7%","±0.7","58,798","±835","28.5%","±0.4","27,252","±545","27.2%","±0.5","31,546","±525","29.8%","±0.5"
"        62 years and over","23,606","±473","21.9%","±0.4","10,773","±329","20.4%","±0.6","12,833","±286","23.3%","±0.5","19,412","±287","28.8%","±0.4","9,107","±228","27.3%","±0.7","10,305","±165","30.3%","±0.5","65,263","±680","22.2%","±0.2","29,173","±435","20.4%","±0.3","36,090","±427","23.8%","±0.3","8,220","±210","27.5%","±0.7","3,860","±166","26.4%","±1.1","4,360","±144","28.5%","±0.9","16,437","±268","30.0%","±0.5","7,627","±196","28.8%","±0.7","8,810","±174","31.1%","±0.6","29,714","±491","24.3%","±0.4","13,776","±350","23.1%","±0.6","15,938","±341","25.5%","±0.5","12,226","±321","30.7%","±0.8","5,522","±179","27.7%","±0.9","6,704","±250","33.7%","±1.3","11,445","±203","33.3%","±0.6","5,363","±136","31.8%","±0.8","6,082","±144","34.7%","±0.8","15,713","±360","27.2%","±0.6","7,787","±240","27.3%","±0.8","7,926","±220","27.1%","±0.7","34,567","±522","22.8%","±0.3","16,261","±310","21.6%","±0.4","18,306","±351","23.9%","±0.5","5,346","±155","31.7%","±0.9","2,701","±101","31.9%","±1.2","2,645","±108","31.5%","±1.2","9,704","±256","27.2%","±0.7","4,391","±156","25.1%","±0.9","5,313","±188","29.2%","±1.0","13,265","±325","26.2%","±0.6","6,322","±206","25.2%","±0.8","6,943","±210","27.2%","±0.8","11,228","±315","28.3%","±0.8","5,270","±186","27.1%","±1.0","5,958","±220","29.4%","±1.1","9,304","±169","29.7%","±0.5","4,410","±89","28.7%","±0.6","4,894","±134","30.6%","±0.8","51,684","±851","25.1%","±0.4","23,788","±578","23.7%","±0.6","27,896","±475","26.4%","±0.4"
"        65 years and over","19,054","±62","17.6%","±0.1","8,531","±39","16.1%","±0.1","10,523","±45","19.1%","±0.1","16,253","±34","24.1%","±0.1","7,449","±32","22.3%","±0.1","8,804","±30","25.9%","±0.1","54,356","±165","18.5%","±0.1","23,873","±128","16.7%","±0.1","30,483","±124","20.1%","±0.1","6,581","±63","22.0%","±0.2","3,195","±53","21.9%","±0.4","3,386","±27","22.1%","±0.2","13,713","±53","25.0%","±0.1","6,280","±49","23.7%","±0.2","7,433","±66","26.2%","±0.2","24,268","±93","19.9%","±0.1","10,998","±76","18.5%","±0.1","13,270","±70","21.2%","±0.1","9,940","±56","25.0%","±0.1","4,530","±54","22.8%","±0.3","5,410","±19","27.2%","±0.3","9,555","±38","27.8%","±0.1","4,385","±25","26.0%","±0.2","5,170","±30","29.5%","±0.2","12,563","±62","21.8%","±0.1","5,962","±50","20.9%","±0.2","6,601","±61","22.6%","±0.2","28,055","±93","18.5%","±0.1","12,840","±61","17.1%","±0.1","15,215","±65","19.9%","±0.1","4,453","±54","26.4%","±0.3","2,282","±54","27.0%","±0.6","2,171","±27","25.9%","±0.3","8,026","±83","22.5%","±0.2","3,681","±51","21.0%","±0.3","4,345","±60","23.8%","±0.3","10,856","±112","21.5%","±0.2","5,233","±84","20.9%","±0.3","5,623","±69","22.0%","±0.3","8,953","±53","22.5%","±0.1","4,248","±38","21.8%","±0.2","4,705","±37","23.2%","±0.2","7,695","±37","24.5%","±0.1","3,620","±29","23.5%","±0.2","4,075","±28","25.5%","±0.2","42,246","±171","20.5%","±0.1","18,786","±140","18.7%","±0.1","23,460","±101","22.2%","±0.1"
"        75 years and over","7,796","±51","7.2%","±0.1","3,155","±34","6.0%","±0.1","4,641","±38","8.4%","±0.1","7,020","±52","10.4%","±0.1","2,890","±42","8.7%","±0.1","4,130","±20","12.1%","±0.1","22,138","±181","7.5%","±0.1","8,841","±109","6.2%","±0.1","13,297","±153","8.8%","±0.1","2,597","±20","8.7%","±0.1","1,210","±15","8.3%","±0.1","1,387","±16","9.1%","±0.1","5,331","±51","9.7%","±0.1","2,266","±29","8.6%","±0.1","3,065","±42","10.8%","±0.1","9,968","±81","8.2%","±0.1","4,157","±51","7.0%","±0.1","5,811","±72","9.3%","±0.1","4,071","±52","10.2%","±0.1","1,739","±52","8.7%","±0.3","2,332","±19","11.7%","±0.1","3,940","±32","11.4%","±0.1","1,725","±22","10.2%","±0.1","2,215","±23","12.6%","±0.1","5,086","±52","8.8%","±0.1","2,217","±20","7.8%","±0.1","2,869","±51","9.8%","±0.2","11,421","±58","7.5%","±0.1","4,781","±34","6.4%","±0.1","6,640","±38","8.7%","±0.1","1,723","±46","10.2%","±0.3","836","±45","9.9%","±0.5","887","±8","10.6%","±0.1","3,243","±26","9.1%","±0.1","1,431","±22","8.2%","±0.1","1,812","±12","9.9%","±0.1","4,193","±54","8.3%","±0.1","1,885","±49","7.5%","±0.2","2,308","±34","9.0%","±0.1","3,255","±36","8.2%","±0.1","1,466","±18","7.5%","±0.1","1,789","±23","8.8%","±0.1","3,060","±27","9.8%","±0.1","1,317","±5","8.6%","±0.1","1,743","±26","10.9%","±0.2","17,259","±103","8.4%","±0.1","7,059","±54","7.0%","±0.1","10,200","±80","9.6%","±0.1"
"    SUMMARY INDICATORS","","","","","","","","","","","","","","","","","","","","","","","","","","","","","","","","","","","","","","","","","","","","","","","","","","","","","","","","","","","","","","","","","","","","","","","","","","","","","","","","","","","","","","","","","","","","","","","","","","","","","","","","","","","","","","","","","","","","","","","","","","","","","","","","","","","","","","","","","","","","","","","","","","","","","","","","","","","","","","","","","","","","","","","","","","","","","","","","","","","","","","","","","","","","","","","",""
"        Median age (years)","40.7","±0.4","(X)","(X)","39.5","±0.5","(X)","(X)","42.1","±0.5","(X)","(X)","48.0","±0.2","(X)","(X)","46.9","±0.3","(X)","(X)","49.4","±0.3","(X)","(X)","42.1","±0.2","(X)","(X)","40.6","±0.3","(X)","(X)","43.8","±0.3","(X)","(X)","46.5","±0.3","(X)","(X)","46.6","±0.5","(X)","(X)","46.4","±0.6","(X)","(X)","49.1","±0.3","(X)","(X)","47.8","±0.6","(X)","(X)","50.3","±0.3","(X)","(X)","44.1","±0.2","(X)","(X)","42.7","±0.4","(X)","(X)","45.6","±0.2","(X)","(X)","48.6","±0.3","(X)","(X)","46.1","±0.6","(X)","(X)","50.9","±0.5","(X)","(X)","51.2","±0.3","(X)","(X)","49.3","±0.4","(X)","(X)","52.9","±0.4","(X)","(X)","47.8","±0.3","(X)","(X)","47.0","±0.4","(X)","(X)","48.5","±0.5","(X)","(X)","42.2","±0.3","(X)","(X)","40.6","±0.5","(X)","(X)","43.6","±0.3","(X)","(X)","51.5","±0.6","(X)","(X)","51.5","±0.8","(X)","(X)","51.4","±0.8","(X)","(X)","47.2","±0.4","(X)","(X)","45.3","±0.6","(X)","(X)","48.5","±0.4","(X)","(X)","46.9","±0.3","(X)","(X)","46.5","±0.4","(X)","(X)","47.3","±0.5","(X)","(X)","46.2","±0.3","(X)","(X)","45.3","±0.2","(X)","(X)","47.2","±0.4","(X)","(X)","48.5","±0.3","(X)","(X)","47.7","±0.3","(X)","(X)","49.3","±0.2","(X)","(X)","45.3","±0.2","(X)","(X)","43.8","±0.4","(X)","(X)","46.8","±0.3","(X)","(X)"
"        Sex ratio (males per 100 females)","95.9","±0.5","(X)","(X)","(X)","(X)","(X)","(X)","(X)","(X)","(X)","(X)","98.1","±0.6","(X)","(X)","(X)","(X)","(X)","(X)","(X)","(X)","(X)","(X)","94.3","±0.1","(X)","(X)","(X)","(X)","(X)","(X)","(X)","(X)","(X)","(X)","95.4","±1.3","(X)","(X)","(X)","(X)","(X)","(X)","(X)","(X)","(X)","(X)","93.5","±0.9","(X)","(X)","(X)","(X)","(X)","(X)","(X)","(X)","(X)","(X)","95.3","±0.4","(X)","(X)","(X)","(X)","(X)","(X)","(X)","(X)","(X)","(X)","100.0","±1.7","(X)","(X)","(X)","(X)","(X)","(X)","(X)","(X)","(X)","(X)","96.2","±0.7","(X)","(X)","(X)","(X)","(X)","(X)","(X)","(X)","(X)","(X)","97.4","±0.7","(X)","(X)","(X)","(X)","(X)","(X)","(X)","(X)","(X)","(X)","98.4","±0.3","(X)","(X)","(X)","(X)","(X)","(X)","(X)","(X)","(X)","(X)","100.8","±2.2","(X)","(X)","(X)","(X)","(X)","(X)","(X)","(X)","(X)","(X)","96.0","±1.3","(X)","(X)","(X)","(X)","(X)","(X)","(X)","(X)","(X)","(X)","98.2","±0.9","(X)","(X)","(X)","(X)","(X)","(X)","(X)","(X)","(X)","(X)","96.0","±0.7","(X)","(X)","(X)","(X)","(X)","(X)","(X)","(X)","(X)","(X)","96.3","±0.6","(X)","(X)","(X)","(X)","(X)","(X)","(X)","(X)","(X)","(X)","94.9","±0.3","(X)","(X)","(X)","(X)","(X)","(X)","(X)","(X)","(X)","(X)"
"        Age dependency ratio","64.8","±0.2","(X)","(X)","(X)","(X)","(X)","(X)","(X)","(X)","(X)","(X)","73.8","±0.2","(X)","(X)","(X)","(X)","(X)","(X)","(X)","(X)","(X)","(X)","59.0","±0.1","(X)","(X)","(X)","(X)","(X)","(X)","(X)","(X)","(X)","(X)","66.0","±0.6","(X)","(X)","(X)","(X)","(X)","(X)","(X)","(X)","(X)","(X)","72.0","±0.4","(X)","(X)","(X)","(X)","(X)","(X)","(X)","(X)","(X)","(X)","64.3","±0.2","(X)","(X)","(X)","(X)","(X)","(X)","(X)","(X)","(X)","(X)","74.3","±0.8","(X)","(X)","(X)","(X)","(X)","(X)","(X)","(X)","(X)","(X)","80.6","±0.7","(X)","(X)","(X)","(X)","(X)","(X)","(X)","(X)","(X)","(X)","67.0","±0.4","(X)","(X)","(X)","(X)","(X)","(X)","(X)","(X)","(X)","(X)","57.8","±0.2","(X)","(X)","(X)","(X)","(X)","(X)","(X)","(X)","(X)","(X)","76.9","±1.3","(X)","(X)","(X)","(X)","(X)","(X)","(X)","(X)","(X)","(X)","70.3","±0.7","(X)","(X)","(X)","(X)","(X)","(X)","(X)","(X)","(X)","(X)","68.0","±0.6","(X)","(X)","(X)","(X)","(X)","(X)","(X)","(X)","(X)","(X)","69.8","±0.4","(X)","(X)","(X)","(X)","(X)","(X)","(X)","(X)","(X)","(X)","77.4","±0.4","(X)","(X)","(X)","(X)","(X)","(X)","(X)","(X)","(X)","(X)","64.6","±0.2","(X)","(X)","(X)","(X)","(X)","(X)","(X)","(X)","(X)","(X)"
"        Old-age dependency ratio","29.1","±0.1","(X)","(X)","(X)","(X)","(X)","(X)","(X)","(X)","(X)","(X)","41.9","±0.1","(X)","(X)","(X)","(X)","(X)","(X)","(X)","(X)","(X)","(X)","29.3","±0.1","(X)","(X)","(X)","(X)","(X)","(X)","(X)","(X)","(X)","(X)","36.5","±0.5","(X)","(X)","(X)","(X)","(X)","(X)","(X)","(X)","(X)","(X)","43.0","±0.2","(X)","(X)","(X)","(X)","(X)","(X)","(X)","(X)","(X)","(X)","32.6","±0.2","(X)","(X)","(X)","(X)","(X)","(X)","(X)","(X)","(X)","(X)","43.5","±0.4","(X)","(X)","(X)","(X)","(X)","(X)","(X)","(X)","(X)","(X)","50.1","±0.3","(X)","(X)","(X)","(X)","(X)","(X)","(X)","(X)","(X)","(X)","36.3","±0.2","(X)","(X)","(X)","(X)","(X)","(X)","(X)","(X)","(X)","(X)","29.2","±0.1","(X)","(X)","(X)","(X)","(X)","(X)","(X)","(X)","(X)","(X)","46.7","±0.8","(X)","(X)","(X)","(X)","(X)","(X)","(X)","(X)","(X)","(X)","38.3","±0.5","(X)","(X)","(X)","(X)","(X)","(X)","(X)","(X)","(X)","(X)","36.1","±0.5","(X)","(X)","(X)","(X)","(X)","(X)","(X)","(X)","(X)","(X)","38.3","±0.3","(X)","(X)","(X)","(X)","(X)","(X)","(X)","(X)","(X)","(X)","43.5","±0.3","(X)","(X)","(X)","(X)","(X)","(X)","(X)","(X)","(X)","(X)","33.7","±0.2","(X)","(X)","(X)","(X)","(X)","(X)","(X)","(X)","(X)","(X)"
"        Child dependency ratio","35.7","±0.1","(X)","(X)","(X)","(X)","(X)","(X)","(X)","(X)","(X)","(X)","31.9","±0.1","(X)","(X)","(X)","(X)","(X)","(X)","(X)","(X)","(X)","(X)","29.6","±0.1","(X)","(X)","(X)","(X)","(X)","(X)","(X)","(X)","(X)","(X)","29.5","±0.3","(X)","(X)","(X)","(X)","(X)","(X)","(X)","(X)","(X)","(X)","29.0","±0.2","(X)","(X)","(X)","(X)","(X)","(X)","(X)","(X)","(X)","(X)","31.7","±0.1","(X)","(X)","(X)","(X)","(X)","(X)","(X)","(X)","(X)","(X)","30.8","±0.6","(X)","(X)","(X)","(X)","(X)","(X)","(X)","(X)","(X)","(X)","30.4","±0.4","(X)","(X)","(X)","(X)","(X)","(X)","(X)","(X)","(X)","(X)","30.7","±0.2","(X)","(X)","(X)","(X)","(X)","(X)","(X)","(X)","(X)","(X)","28.6","±0.1","(X)","(X)","(X)","(X)","(X)","(X)","(X)","(X)","(X)","(X)","30.2","±0.7","(X)","(X)","(X)","(X)","(X)","(X)","(X)","(X)","(X)","(X)","32.0","±0.3","(X)","(X)","(X)","(X)","(X)","(X)","(X)","(X)","(X)","(X)","31.9","±0.1","(X)","(X)","(X)","(X)","(X)","(X)","(X)","(X)","(X)","(X)","31.5","±0.1","(X)","(X)","(X)","(X)","(X)","(X)","(X)","(X)","(X)","(X)","33.9","±0.1","(X)","(X)","(X)","(X)","(X)","(X)","(X)","(X)","(X)","(X)","30.9","±0.1","(X)","(X)","(X)","(X)","(X)","(X)","(X)","(X)","(X)","(X)"
"    PERCENT ALLOCATED","","","","","","","","","","","","","","","","","","","","","","","","","","","","","","","","","","","","","","","","","","","","","","","","","","","","","","","","","","","","","","","","","","","","","","","","","","","","","","","","","","","","","","","","","","","","","","","","","","","","","","","","","","","","","","","","","","","","","","","","","","","","","","","","","","","","","","","","","","","","","","","","","","","","","","","","","","","","","","","","","","","","","","","","","","","","","","","","","","","","","","","","","","","","","","","",""
"        Sex","(X)","(X)","0.0%","(X)","(X)","(X)","(X)","(X)","(X)","(X)","(X)","(X)","(X)","(X)","0.1%","(X)","(X)","(X)","(X)","(X)","(X)","(X)","(X)","(X)","(X)","(X)","0.1%","(X)","(X)","(X)","(X)","(X)","(X)","(X)","(X)","(X)","(X)","(X)","0.1%","(X)","(X)","(X)","(X)","(X)","(X)","(X)","(X)","(X)","(X)","(X)","0.1%","(X)","(X)","(X)","(X)","(X)","(X)","(X)","(X)","(X)","(X)","(X)","0.0%","(X)","(X)","(X)","(X)","(X)","(X)","(X)","(X)","(X)","(X)","(X)","0.2%","(X)","(X)","(X)","(X)","(X)","(X)","(X)","(X)","(X)","(X)","(X)","0.1%","(X)","(X)","(X)","(X)","(X)","(X)","(X)","(X)","(X)","(X)","(X)","0.1%","(X)","(X)","(X)","(X)","(X)","(X)","(X)","(X)","(X)","(X)","(X)","0.0%","(X)","(X)","(X)","(X)","(X)","(X)","(X)","(X)","(X)","(X)","(X)","0.2%","(X)","(X)","(X)","(X)","(X)","(X)","(X)","(X)","(X)","(X)","(X)","0.0%","(X)","(X)","(X)","(X)","(X)","(X)","(X)","(X)","(X)","(X)","(X)","0.0%","(X)","(X)","(X)","(X)","(X)","(X)","(X)","(X)","(X)","(X)","(X)","0.0%","(X)","(X)","(X)","(X)","(X)","(X)","(X)","(X)","(X)","(X)","(X)","0.1%","(X)","(X)","(X)","(X)","(X)","(X)","(X)","(X)","(X)","(X)","(X)","0.2%","(X)","(X)","(X)","(X)","(X)","(X)","(X)","(X)","(X)"
"        Age","(X)","(X)","0.6%","(X)","(X)","(X)","(X)","(X)","(X)","(X)","(X)","(X)","(X)","(X)","1.3%","(X)","(X)","(X)","(X)","(X)","(X)","(X)","(X)","(X)","(X)","(X)","1.9%","(X)","(X)","(X)","(X)","(X)","(X)","(X)","(X)","(X)","(X)","(X)","1.4%","(X)","(X)","(X)","(X)","(X)","(X)","(X)","(X)","(X)","(X)","(X)","0.8%","(X)","(X)","(X)","(X)","(X)","(X)","(X)","(X)","(X)","(X)","(X)","1.0%","(X)","(X)","(X)","(X)","(X)","(X)","(X)","(X)","(X)","(X)","(X)","0.7%","(X)","(X)","(X)","(X)","(X)","(X)","(X)","(X)","(X)","(X)","(X)","1.2%","(X)","(X)","(X)","(X)","(X)","(X)","(X)","(X)","(X)","(X)","(X)","0.7%","(X)","(X)","(X)","(X)","(X)","(X)","(X)","(X)","(X)","(X)","(X)","1.3%","(X)","(X)","(X)","(X)","(X)","(X)","(X)","(X)","(X)","(X)","(X)","1.3%","(X)","(X)","(X)","(X)","(X)","(X)","(X)","(X)","(X)","(X)","(X)","1.0%","(X)","(X)","(X)","(X)","(X)","(X)","(X)","(X)","(X)","(X)","(X)","0.9%","(X)","(X)","(X)","(X)","(X)","(X)","(X)","(X)","(X)","(X)","(X)","1.3%","(X)","(X)","(X)","(X)","(X)","(X)","(X)","(X)","(X)","(X)","(X)","0.9%","(X)","(X)","(X)","(X)","(X)","(X)","(X)","(X)","(X)","(X)","(X)","1.2%","(X)","(X)","(X)","(X)","(X)","(X)","(X)","(X)","(X)"